original_datarow,Species,Quantity,Price,Currency,Price_euro,Intent,Seller_id,lat,lon,Conservation status,CITES
129,Anolis sabanus,[],[],[],[],Seller,0,54.7023545,-3.2765753,NT,0
129,Anolis bimaculatus,[],[],[],[],Seller,0,54.7023545,-3.2765753,LC,0
156,Anolis roquet,[],[],[],[],Seller,0,54.7023545,-3.2765753,LC,0
598,Thecadactylus oskrobapreinorum,[],199.99,[],[],Seller,1,39.7837304,-100.445882,DD,0
39259,Anolis gingivinus,[],20,GBP,22.57259912,Seller,2,54.7023545,-3.2765753,LC,0
43027,Sphaerodactylus sputator,[],74.99,USD,65.97167238,Seller,5,39.7837304,-100.445882,LC,0
43049,Anolis aeneus,1,29.99,USD,24.90036533,Seller,5,39.7837304,-100.445882,LC,0
43334,Anolis pogus,[],55.06,GBP,62.51490207,Seller,6,54.7023545,-3.2765753,NT,0
43336,Anolis gingivinus,[],82.66,GBP,93.85183083,Seller,6,54.7023545,-3.2765753,LC,0
45753,Anolis roquet,[],[],[],[],Seller,8,[],[],LC,0
45754,Anolis marmoratus,[],[],[],[],Buyer,9,[],[],LC,0
45754,Anolis trinitatis,[],[],[],[],Buyer,9,[],[],LC,0
45758,Anolis roquet,[],[],[],[],[],8,[],[],LC,0
45760,Anolis wattsii,[],[],[],[],Seller,10,[],[],LC,0
45761,Anolis roquet,[],[],[],[],Buyer,8,[],[],LC,0
45763,Anolis wattsii,[],[],[],[],Seller,11,52.2434979,5.6343227,LC,0
45764,Anolis roquet,[],[],[],[],Seller,12,[],[],LC,0
45766,Anolis oculatus,[],[],[],[],Buyer,13,[],[],NT,0
45773,Anolis marmoratus,[],[],[],[],Buyer,14,[],[],LC,0
45774,Anolis marmoratus,[],[],[],[],[],14,[],[],LC,0
45775,Anolis oculatus,[],[],[],[],Seller,14,51.1638175,10.4478313,NT,0
45778,Anolis roquet,[],[],[],[],Buyer,15,[],[],LC,0
45780,Anolis oculatus,[],[],[],[],Seller,16,[],[],NT,0
45784,Anolis roquet,[],[],[],[],Buyer,12,51.1638175,10.4478313,LC,0
45787,Anolis marmoratus,[],[],[],[],Buyer,17,51.1638175,10.4478313,LC,0
45788,Anolis sabanus,[],[],[],[],Seller,18,51.1638175,10.4478313,NT,0
45790,Anolis roquet,[],[],[],[],Seller,19,51.1638175,10.4478313,LC,0
45792,Anolis roquet,[],[],[],[],Seller,20,[],[],LC,0
45794,Anolis wattsii,[],[],[],[],[],21,[],[],LC,0
45794,Anolis schwartzi,[],[],[],[],[],21,[],[],LC,0
45794,Anolis bimaculatus,[],[],[],[],[],21,[],[],LC,0
45797,Anolis roquet,[],[],[],[],Seller,22,[],[],LC,0
45798,Anolis roquet,[],[],[],[],[],23,51.1638175,10.4478313,LC,0
45799,Anolis roquet,[],[],[],[],Buyer,24,[],[],LC,0
45803,Anolis roquet,[],[],[],[],Buyer,25,[],[],LC,0
45809,Anolis roquet,[],[],[],[],Buyer,26,[],[],LC,0
45810,Anolis roquet,[],[],[],[],Seller,27,[],[],LC,0
45811,Anolis roquet,[],[],[],[],Seller,28,[],[],LC,0
45812,Anolis wattsii,[],[],[],[],Seller,28,[],[],LC,0
45816,Anolis roquet,[],[],[],[],Seller,25,[],[],LC,0
45817,Anolis roquet,[],[],[],[],Seller,29,[],[],LC,0
45821,Anolis roquet,[],[],[],[],Buyer,30,[],[],LC,0
45823,Anolis roquet,[],[],[],[],Buyer,31,51.1638175,10.4478313,LC,0
45826,Anolis marmoratus,[],[],[],[],Buyer,19,[],[],LC,0
45827,Anolis roquet,[],[],[],[],Seller,24,[],[],LC,0
45832,Anolis roquet,[],[],[],[],Seller,29,51.1638175,10.4478313,LC,0
45836,Anolis roquet,[],[],[],[],Buyer,19,51.1638175,10.4478313,LC,0
45839,Anolis roquet,[],[],[],[],Seller,32,[],[],LC,0
45845,Anolis roquet,[],[],[],[],Seller,33,[],[],LC,0
45857,Anolis oculatus,[],[],[],[],Seller,28,[],[],NT,0
45863,Anolis roquet,[],[],[],[],Seller,34,[],[],LC,0
45865,Anolis roquet,[],[],[],[],Seller,35,[],[],LC,0
45868,Anolis roquet,[],[],[],[],Buyer,36,51.1638175,10.4478313,LC,0
45870,Anolis roquet,[],[],[],[],Seller,18,51.1638175,10.4478313,LC,0
45900,Anolis roquet,[],[],[],[],Seller,37,[],[],LC,0
45901,Anolis wattsii,[],[],[],[],Buyer,38,[],[],LC,0
45916,Anolis marmoratus,[],[],[],[],Buyer,10,51.1638175,10.4478313,LC,0
45918,Anolis roquet,[],[],[],[],Buyer,39,[],[],LC,0
45918,Anolis wattsii,[],[],[],[],Buyer,39,[],[],LC,0
45920,Anolis oculatus,[],[],[],[],Seller,14,[],[],NT,0
45920,Anolis marmoratus,[],[],[],[],Seller,14,[],[],LC,0
45921,Anolis roquet,[],[],[],[],Buyer,40,[],[],LC,0
45933,Anolis extremus,[],[],[],[],Seller,41,51.1638175,10.4478313,LC,0
45937,Anolis sabanus,[],[],[],[],Seller,42,[],[],NT,0
45938,Anolis roquet,[],[],[],[],Seller,43,51.1638175,10.4478313,LC,0
45939,Anolis sabanus,[],[],[],[],Seller,10,51.1638175,10.4478313,NT,0
45940,Anolis trinitatis,[],[],[],[],Buyer,44,51.1638175,10.4478313,LC,0
45943,Anolis roquet,[],[],[],[],Seller,45,51.1638175,10.4478313,LC,0
45945,Anolis sabanus,[],[],[],[],Seller,42,51.1638175,10.4478313,NT,0
45951,Anolis marmoratus,[],[],[],[],[],46,[],[],LC,0
45951,Anolis roquet,[],[],[],[],[],46,[],[],LC,0
45956,Anolis roquet,[],[],[],[],Seller,40,[],[],LC,0
45961,Anolis oculatus,[],[],[],[],Seller,47,[],[],NT,0
45963,Anolis roquet,[],[],[],[],Seller,48,[],[],LC,0
45964,Anolis roquet,[],[],[],[],Seller,37,51.1638175,10.4478313,LC,0
45966,Anolis roquet,[],[],[],[],Buyer,49,51.1638175,10.4478313,LC,0
45969,Anolis oculatus,[],[],[],[],Buyer,44,51.1638175,10.4478313,NT,0
45970,Anolis trinitatis,[],[],[],[],Buyer,50,[],[],LC,0
45979,Anolis roquet,[],[],[],[],Seller,42,51.1638175,10.4478313,LC,0
45985,Anolis oculatus,[],[],[],[],Seller,10,51.1638175,10.4478313,NT,0
45985,Anolis roquet,[],[],[],[],Seller,10,51.1638175,10.4478313,LC,0
45997,Anolis oculatus,[],[],[],[],Buyer,19,51.1638175,10.4478313,NT,0
45999,Anolis marmoratus,[],[],[],[],Seller,35,[],[],LC,0
46008,Anolis roquet,[],[],[],[],[],51,[],[],LC,0
46009,Anolis roquet,[],[],[],[],Seller,52,[],[],LC,0
46018,Anolis oculatus,[],[],[],[],Buyer,53,51.1638175,10.4478313,NT,0
46022,Anolis roquet,[],[],[],[],Buyer,54,51.1638175,10.4478313,LC,0
46027,Anolis roquet,[],[],[],[],Seller,55,51.1638175,10.4478313,LC,0
46044,Anolis sabanus,[],[],[],[],Seller,57,[],[],NT,0
46046,Anolis sabanus,[],[],[],[],Seller,58,[],[],NT,0
46049,Anolis sabanus,[],[],[],[],Buyer,44,51.1638175,10.4478313,NT,0
46056,Anolis oculatus,[],[],[],[],Buyer,40,[],[],NT,0
46056,Anolis sabanus,[],[],[],[],Buyer,40,[],[],NT,0
46057,Anolis roquet,[],[],[],[],Seller,11,[],[],LC,0
46058,Anolis oculatus,[],[],[],[],Buyer,59,[],[],NT,0
46059,Anolis oculatus,[],[],[],[],Seller,59,[],[],NT,0
46072,Anolis oculatus,[],[],[],[],Buyer,60,51.1638175,10.4478313,NT,0
46072,Anolis marmoratus,[],[],[],[],Buyer,60,51.1638175,10.4478313,LC,0
46072,Anolis roquet,[],[],[],[],Buyer,60,51.1638175,10.4478313,LC,0
46072,Anolis trinitatis,[],[],[],[],Buyer,60,51.1638175,10.4478313,LC,0
46075,Anolis extremus,[],[],[],[],Seller,61,[],[],LC,0
46075,Anolis marmoratus,[],[],[],[],Seller,61,[],[],LC,0
46075,Anolis roquet,[],[],[],[],Seller,61,[],[],LC,0
46077,Anolis roquet,[],[],[],[],Seller,62,51.1638175,10.4478313,LC,0
46092,Anolis sabanus,[],[],[],[],Seller,10,[],[],NT,0
46093,Anolis trinitatis,[],[],[],[],Seller,64,[],[],LC,0
46112,Anolis oculatus,[],[],[],[],Seller,59,51.1638175,10.4478313,NT,0
46120,Anolis bimaculatus,[],[],[],[],Buyer,59,[],[],LC,0
46124,Anolis roquet,[],[],[],[],[],65,[],[],LC,0
46125,Anolis roquet,[],[],[],[],Buyer,66,[],[],LC,0
46135,Anolis extremus,[],[],[],[],Buyer,10,[],[],LC,0
46135,Anolis leachii,[],[],[],[],Buyer,10,[],[],LC,0
46139,Anolis trinitatis,[],[],[],[],Seller,59,[],[],LC,0
46140,Anolis aeneus,[],[],[],[],Seller,67,[],[],LC,0
46147,Anolis wattsii,[],[],[],[],Buyer,68,[],[],LC,0
46148,Anolis marmoratus,[],[],[],[],Seller,59,51.1638175,10.4478313,LC,0
46162,Anolis roquet,[],[],[],[],[],37,51.1638175,10.4478313,LC,0
46166,Anolis marmoratus,[],[],[],[],Buyer,59,[],[],LC,0
46169,Anolis roquet,[],[],[],[],Buyer,52,[],[],LC,0
46171,Anolis roquet,[],[],[],[],Buyer,10,51.1638175,10.4478313,LC,0
46172,Anolis roquet,[],[],[],[],Seller,11,51.1638175,10.4478313,LC,0
46173,Anolis roquet,[],[],[],[],Seller,59,51.1638175,10.4478313,LC,0
46176,Anolis trinitatis,[],[],[],[],Buyer,64,[],[],LC,0
46179,Anolis oculatus,[],[],[],[],Buyer,67,51.1638175,10.4478313,NT,0
46179,Anolis sabanus,[],[],[],[],Buyer,67,51.1638175,10.4478313,NT,0
46179,Anolis bimaculatus,[],[],[],[],Buyer,67,51.1638175,10.4478313,LC,0
46182,Anolis roquet,[],[],[],[],Seller,69,[],[],LC,0
46200,Anolis roquet,[],[],[],[],Buyer,55,[],[],LC,0
46203,Anolis extremus,[],[],[],[],Buyer,61,[],[],LC,0
46209,Anolis marmoratus,[],[],[],[],Seller,70,[],[],LC,0
46213,Anolis gingivinus,[],[],[],[],Seller,71,39.7837304,-100.445882,LC,0
46213,Anolis wattsii,[],[],[],[],Seller,71,39.7837304,-100.445882,LC,0
46213,Anolis pogus,[],[],[],[],Seller,71,39.7837304,-100.445882,NT,0
46213,Anolis bimaculatus,[],[],[],[],Seller,71,39.7837304,-100.445882,LC,0
46213,Anolis roquet,[],[],[],[],Seller,71,39.7837304,-100.445882,LC,0
46214,Anolis extremus,[],[],[],[],[],72,[],[],LC,0
46215,Anolis oculatus,[],[],[],[],Seller,62,[],[],NT,0
46218,Anolis trinitatis,[],[],[],[],Buyer,40,[],[],LC,0
46230,Anolis roquet,[],[],[],[],Seller,66,[],[],LC,0
46231,Anolis roquet,[],[],[],[],Buyer,65,[],[],LC,0
46247,Anolis marmoratus,[],[],[],[],Buyer,73,51.1638175,10.4478313,LC,0
46247,Anolis roquet,[],[],[],[],Buyer,73,51.1638175,10.4478313,LC,0
46249,Anolis oculatus,[],[],[],[],Seller,33,[],[],NT,0
46249,Anolis marmoratus,[],[],[],[],Seller,33,[],[],LC,0
46260,Anolis roquet,[],[],[],[],Buyer,74,51.1638175,10.4478313,LC,0
46261,Anolis oculatus,[],[],[],[],Buyer,44,[],[],NT,0
46272,Anolis roquet,[],[],[],[],Seller,30,39.7837304,-100.445882,LC,0
46280,Anolis sabanus,[],[],[],[],Seller,40,[],[],NT,0
46285,Anolis oculatus,[],[],[],[],Seller,75,[],[],NT,0
46286,Anolis roquet,[],[],[],[],Seller,76,[],[],LC,0
46306,Anolis oculatus,[],[],[],[],Seller,40,51.1638175,10.4478313,NT,0
46306,Anolis roquet,[],[],[],[],Seller,40,51.1638175,10.4478313,LC,0
46334,Anolis marmoratus,[],[],[],[],Buyer,28,[],[],LC,0
46342,Anolis trinitatis,[],[],[],[],Buyer,28,[],[],LC,0
46346,Anolis roquet,[],[],[],[],Seller,54,[],[],LC,0
46348,Anolis oculatus,[],[],[],[],Seller,77,51.1638175,10.4478313,NT,0
46349,Anolis marmoratus,[],[],[],[],Buyer,26,51.1638175,10.4478313,LC,0
46356,Anolis marmoratus,[],[],[],[],Seller,78,51.1638175,10.4478313,LC,0
46359,Anolis marmoratus,[],[],[],[],[],79,[],[],LC,0
46361,Anolis oculatus,[],[],[],[],Buyer,77,[],[],NT,0
46361,Anolis roquet,[],[],[],[],Buyer,77,[],[],LC,0
46366,Anolis oculatus,[],[],[],[],Seller,28,51.1638175,10.4478313,NT,0
46370,Anolis roquet,[],[],[],[],Buyer,81,[],[],LC,0
46371,Anolis roquet,[],[],[],[],Buyer,30,51.1638175,10.4478313,LC,0
46372,Anolis roquet,[],[],[],[],Seller,82,[],[],LC,0
46375,Anolis marmoratus,[],[],[],[],Buyer,23,[],[],LC,0
46376,Anolis sabanus,[],[],[],[],Seller,77,51.1638175,10.4478313,NT,0
46381,Anolis roquet,[],[],[],[],Seller,17,[],[],LC,0
46382,Anolis trinitatis,[],[],[],[],Seller,24,51.1638175,10.4478313,LC,0
46382,Anolis bimaculatus,[],[],[],[],Seller,24,51.1638175,10.4478313,LC,0
46387,Anolis roquet,[],[],[],[],Seller,76,51.1638175,10.4478313,LC,0
46392,Anolis marmoratus,[],[],[],[],[],83,[],[],LC,0
46907,Anolis roquet,1,58.5,EUR,58.5,Seller,85,38.9953683,21.9877132,LC,0
46923,Anolis roquet,[],[],[],[],Other,86,52.215933,19.134422,LC,0
46924,Anolis trinitatis,[],[],[],[],Other,86,52.215933,19.134422,LC,0
46926,Anolis sabanus,[],[],[],[],Other,86,52.215933,19.134422,NT,0
46928,Anolis gingivinus,[],[],[],[],Other,86,52.215933,19.134422,LC,0
46929,Anolis marmoratus,[],[],[],[],Other,86,52.215933,19.134422,LC,0
48466,Alsophis sibonius,[],[],[],[],Seller,87,36.5748441,139.2394179,LC,0
48577,Mastigodryas bruesi,[],[],[],[],Seller,87,36.5748441,139.2394179,LC,0
48665,Alsophis rufiventris,[],[],[],[],Seller,87,36.5748441,139.2394179,VU,0
48665,Alsophis antillensis,[],[],[],[],Seller,87,36.5748441,139.2394179,CR,0
48686,Corallus grenadensis,[],[],[],[],Seller,87,36.5748441,139.2394179,LC,Appendix II
48689,Corallus cookii,[],[],[],[],Seller,87,36.5748441,139.2394179,NT,Appendix II
49198,Sphaerodactylus fantasticus,[],[],[],[],Seller,88,39.7837304,-100.445882,LC,0
49245,Anolis extremus,[],105.5,EUR,105.5,Seller,89,52.2434979,5.6343227,LC,0
49246,Anolis richardii,[],158.25,EUR,158.25,Seller,89,52.2434979,5.6343227,LC,0
49247,Anolis roquet,[],42.2,EUR,42.2,Seller,89,52.2434979,5.6343227,LC,0
49278,Gonatodes daudini,[],896.75,EUR,896.75,Seller,89,52.2434979,5.6343227,CR,Appendix I
49305,Sphaerodactylus kirbyi,[],158.25,EUR,158.25,Seller,89,52.2434979,5.6343227,VU,0
49306,Sphaerodactylus sputator,[],158.25,EUR,158.25,Seller,89,52.2434979,5.6343227,LC,0
49523,Sphaerodactylus sputator,[],[],[],[],Seller,90,61.0666922,-107.991707,LC,0
49560,Anolis gingivinus,[],[],[],[],Seller,90,61.0666922,-107.991707,LC,0
49560,Anolis pogus,[],[],[],[],Seller,90,61.0666922,-107.991707,NT,0
49560,Sphaerodactylus parvus,[],[],[],[],Seller,90,61.0666922,-107.991707,LC,0
49560,Pholidoscelis plei,[],[],[],[],Seller,90,61.0666922,-107.991707,LC,0
49560,Thecadactylus oskrobapreinorum,[],[],[],[],Seller,90,61.0666922,-107.991707,DD,0
49565,Sphaerodactylus sputator,[],195,USD,160.546682,Seller,91,39.7837304,-100.445882,LC,0
49584,Anolis gingivinus,[],300,USD,246.9948954,Seller,91,39.7837304,-100.445882,LC,0
49591,Sphaerodactylus parvus,[],200,USD,164.6632636,Seller,91,39.7837304,-100.445882,LC,0
51395,Thecadactylus oskrobapreinorum,[],300,USD,245.398773,Seller,92,39.7837304,-100.445882,DD,0
51608,Thecadactylus oskrobapreinorum,[],550,USD,449.8977505,Seller,93,39.7837304,-100.445882,DD,0
51628,Thecadactylus oskrobapreinorum,[],300,USD,245.398773,Seller,93,39.7837304,-100.445882,DD,0
51642,Thecadactylus oskrobapreinorum,[],[],[],[],Seller,94,39.7837304,-100.445882,DD,0
51894,Anolis marmoratus,[],[],[],[],Buyer,95,39.3260685,-4.8379791,LC,0
54075,Anolis marmoratus,[],[],[],[],[],96,[],[],LC,0
54697,Corallus cookii,[],[],[],[],Seller,98,[],[],NT,Appendix II
55887,Anolis roquet,[],[],[],[],Seller,99,[],[],LC,0
56132,Anolis oculatus,[],[],[],[],Buyer,103,[],[],NT,0
56132,Anolis sabanus,[],[],[],[],Buyer,103,[],[],NT,0
56132,Anolis marmoratus,[],[],[],[],Buyer,103,[],[],LC,0
56132,Anolis roquet,[],[],[],[],Buyer,103,[],[],LC,0
56165,Anolis roquet,[],[],[],[],Seller,104,[],[],LC,0
56641,Thecadactylus oskrobapreinorum,[],[],[],[],Seller,105,51.1638175,10.4478313,DD,0
77616,Corallus cookii,[],[],[],[],Buyer,109,[],[],NT,Appendix II
86861,Corallus cookii,[],[],[],[],Seller,110,[],[],NT,Appendix II
90113,Boa nebulosa,[],[],[],[],Buyer,111,[],[],LC,Appendix II
90843,Corallus cookii,[],[],[],[],Seller,112,[],[],NT,Appendix II
90909,Boa orophias,[],[],[],[],Buyer,111,[],[],EN,Appendix II
99662,Corallus grenadensis,[],[],[],[],Buyer,117,[],[],LC,Appendix II
101910,Corallus cookii,[],[],[],[],Seller,118,[],[],NT,Appendix II
102097,Corallus cookii,[],[],[],[],Seller,118,39.7837304,-100.445882,NT,Appendix II
115764,Corallus cookii,[],[],[],[],Seller,129,[],[],NT,Appendix II
116328,Corallus cookii,[],[],[],[],Seller,130,[],[],NT,Appendix II
116477,Corallus cookii,[],[],[],[],Seller,131,[],[],NT,Appendix II
117060,Corallus cookii,[],[],[],[],Seller,133,[],[],NT,Appendix II
118009,Corallus cookii,[],[],[],[],Seller,135,[],[],NT,Appendix II
129654,Mabuya mabouya,[],[],[],[],Seller,142,[],[],CR,0
129654,Corallus cookii,[],[],[],[],Seller,142,[],[],NT,Appendix II
134652,Mabuya mabouya,[],[],[],[],Seller,143,[],[],CR,0
134652,Corallus cookii,[],[],[],[],Seller,143,[],[],NT,Appendix II
135138,Anolis sabanus,[],[],[],[],Seller,146,39.7837304,-100.445882,NT,0
135138,Anolis marmoratus,[],[],[],[],Seller,146,39.7837304,-100.445882,LC,0
140170,Anolis extremus,[],[],[],[],Seller,154,[],[],LC,0
140176,Anolis roquet,[],[],[],[],Buyer,155,[],[],LC,0
140383,Anolis luciae,[],[],[],[],Seller,154,[],[],EN,0
143036,Anolis roquet,[],[],[],[],Buyer,158,39.7837304,-100.445882,LC,0
143036,Anolis leachii,[],[],[],[],Buyer,158,39.7837304,-100.445882,LC,0
143477,Anolis trinitatis,[],[],[],[],Buyer,160,51.1638175,10.4478313,LC,0
143983,Anolis sabanus,[],[],[],[],Seller,120,[],[],NT,0
143983,Anolis bimaculatus,[],[],[],[],Seller,120,[],[],LC,0
144948,Anolis leachii,[],[],[],[],Seller,162,[],[],LC,0
147018,Corallus cookii,[],[],[],[],Buyer,110,39.7837304,-100.445882,NT,Appendix II
147128,Anolis sabanus,[],[],[],[],Buyer,165,[],[],NT,0
147128,Anolis leachii,[],[],[],[],Buyer,165,[],[],LC,0
151035,Anolis marmoratus,[],[],[],[],Seller,173,[],[],LC,0
151036,Anolis sabanus,[],[],[],[],Seller,174,[],[],NT,0
151036,Anolis pogus,[],[],[],[],Seller,174,[],[],NT,0
151036,Anolis bimaculatus,[],[],[],[],Seller,174,[],[],LC,0
151348,Pholidoscelis plei,[],[],[],[],Seller,174,[],[],LC,0
151719,Anolis extremus,[],[],[],[],Seller,173,39.7837304,-100.445882,LC,0
152099,Anolis sabanus,[],[],[],[],Seller,176,[],[],NT,0
152465,Anolis marmoratus,[],[],[],[],Seller,174,[],[],LC,0
152467,Anolis gingivinus,[],[],[],[],Seller,174,[],[],LC,0
152486,Anolis extremus,[],[],[],[],Seller,174,[],[],LC,0
152487,Anolis oculatus,[],[],[],[],Seller,174,[],[],NT,0
152671,Corallus cookii,[],[],[],[],Seller,177,[],[],NT,Appendix II
153624,Anolis roquet,[],[],[],[],Seller,181,[],[],LC,0
153626,Anolis extremus,[],[],[],[],Seller,104,[],[],LC,0
153925,Gonatodes daudini,[],[],[],[],Seller,183,[],[],CR,Appendix I
154375,Anolis sabanus,[],[],[],[],Seller,184,[],[],NT,0
154375,Anolis leachii,[],[],[],[],Seller,184,[],[],LC,0
154755,Anolis marmoratus,[],[],[],[],Seller,187,[],[],LC,0
155535,Anolis bimaculatus,[],[],[],[],Seller,187,[],[],LC,0
156292,Anolis desiradei,[],[],[],[],Seller,187,[],[],LC,0
156292,Anolis terraealtae,[],[],[],[],Seller,187,[],[],LC,0
157420,Anolis roquet,[],[],[],[],Seller,154,[],[],LC,0
159323,Anolis oculatus,[],[],[],[],Seller,190,[],[],NT,0
159323,Anolis pogus,[],[],[],[],Seller,190,[],[],NT,0
159708,Pholidoscelis plei,[],[],[],[],Seller,191,39.7837304,-100.445882,LC,0
159709,Anolis sabanus,[],[],[],[],Seller,190,[],[],NT,0
159709,Anolis bimaculatus,[],[],[],[],Seller,190,[],[],LC,0
161147,Anolis bimaculatus,[],[],[],[],Seller,183,39.7837304,-100.445882,LC,0
163351,Anolis aeneus,[],[],[],[],[],164,[],[],LC,0
166103,Anolis sabanus,[],[],[],[],Seller,209,[],[],NT,0
166103,Anolis bimaculatus,[],[],[],[],Seller,209,[],[],LC,0
166113,Anolis bimaculatus,[],[],[],[],Seller,211,[],[],LC,0
166118,Anolis extremus,[],[],[],[],Seller,212,[],[],LC,0
166758,Alsophis rufiventris,[],[],[],[],Seller,174,[],[],VU,0
167207,Corallus grenadensis,[],[],[],[],Seller,217,[],[],LC,Appendix II
168632,Mabuya mabouya,[],[],[],[],Seller,221,[],[],CR,0
168632,Corallus cookii,[],[],[],[],Seller,221,[],[],NT,Appendix II
170337,Anolis bimaculatus,[],[],[],[],Seller,183,[],[],LC,0
170687,Thecadactylus oskrobapreinorum,[],[],[],[],Seller,91,39.7837304,-100.445882,DD,0
170687,Anolis bimaculatus,[],[],[],[],Seller,91,39.7837304,-100.445882,LC,0
170708,Anolis sabanus,[],[],[],[],Seller,183,39.7837304,-100.445882,NT,0
171192,Anolis bimaculatus,[],[],[],[],Seller,224,39.7837304,-100.445882,LC,0
171205,Anolis extremus,[],[],[],[],Seller,225,[],[],LC,0
171554,Anolis sabanus,[],[],[],[],Seller,183,[],[],NT,0
172077,Anolis sabanus,[],[],[],[],Seller,165,[],[],NT,0
172077,Anolis leachii,[],[],[],[],Seller,165,[],[],LC,0
174639,Sphaerodactylus sputator,[],[],[],[],Seller,91,39.7837304,-100.445882,LC,0
175524,Anolis leachii,[],[],[],[],Seller,233,[],[],LC,0
176368,Anolis aeneus,[],[],[],[],Seller,234,[],[],LC,0
176368,Anolis roquet,[],[],[],[],Seller,234,[],[],LC,0
176368,Anolis trinitatis,[],[],[],[],Seller,234,[],[],LC,0
178110,Anolis extremus,[],[],[],[],Seller,91,[],[],LC,0
178110,Anolis marmoratus,[],[],[],[],Seller,91,[],[],LC,0
178110,Sphaerodactylus sputator,[],[],[],[],Seller,91,[],[],LC,0
178958,Anolis marmoratus,[],[],[],[],Seller,91,39.7837304,-100.445882,LC,0
180676,Anolis gingivinus,[],[],[],[],[],241,[],[],LC,0
180676,Anolis aeneus,[],[],[],[],[],241,[],[],LC,0
180676,Anolis pogus,[],[],[],[],[],241,[],[],NT,0
182370,Anolis bimaculatus,[],[],[],[],Seller,152,[],[],LC,0
184525,Anolis desiradei,[],[],[],[],Seller,91,[],[],LC,0
184525,Anolis oculatus,[],[],[],[],Seller,91,[],[],NT,0
184525,Anolis gingivinus,[],[],[],[],Seller,91,[],[],LC,0
184525,Anolis terraealtae,[],[],[],[],Seller,91,[],[],LC,0
192583,Sphaerodactylus kirbyi,[],[],[],[],Seller,174,[],[],VU,0
198145,Anolis leachii,[],[],[],[],Seller,249,[],[],LC,0
199820,Anolis sabanus,[],[],[],[],Seller,252,[],[],NT,0
204463,Thecadactylus oskrobapreinorum,[],[],[],[],Seller,105,[],[],DD,0
206380,Anolis leachii,[],[],[],[],[],162,[],[],LC,0
206497,Anolis leachii,[],[],[],[],Seller,162,49.7439047,15.3381061,LC,0
213144,Sphaerodactylus sabanus,[],[],[],[],Seller,174,[],[],LC,0
214436,Sphaerodactylus fantasticus,[],[],[],[],Seller,258,[],[],LC,0
214712,Sphaerodactylus fantasticus,[],[],[],[],Seller,259,[],[],LC,0
215268,Sphaerodactylus fantasticus,[],[],[],[],Seller,260,[],[],LC,0
216713,Thecadactylus oskrobapreinorum,[],[],[],[],Seller,261,39.7837304,-100.445882,DD,0
218070,Thecadactylus oskrobapreinorum,[],[],[],[],Seller,190,[],[],DD,0
218113,Sphaerodactylus sputator,[],[],[],[],Seller,190,[],[],LC,0
220843,Anolis sabanus,[],[],[],[],Seller,262,39.7837304,-100.445882,NT,0
225421,Anolis sabanus,[],[],[],[],Seller,263,[],[],NT,0
226968,Sphaerodactylus sputator,[],[],[],[],Seller,264,[],[],LC,0
227305,Thecadactylus oskrobapreinorum,[],[],[],[],Seller,183,39.7837304,-100.445882,DD,0
227673,Thecadactylus oskrobapreinorum,[],[],[],[],Seller,183,[],[],DD,0
228655,Anolis bimaculatus,[],[],[],[],Seller,183,51.1638175,10.4478313,LC,0
228822,Sphaerodactylus sputator,[],[],[],[],Seller,265,[],[],LC,0
231350,Thecadactylus oskrobapreinorum,[],[],[],[],Seller,266,[],[],DD,0
231970,Thecadactylus oskrobapreinorum,[],[],[],[],Seller,217,[],[],DD,0
231971,Anolis extremus,[],[],[],[],Seller,267,[],[],LC,0
233444,Anolis aeneus,[],[],[],[],Seller,268,[],[],LC,0
233444,Anolis roquet,[],[],[],[],Seller,268,[],[],LC,0
233812,Sphaerodactylus sputator,[],[],[],[],Seller,269,[],[],LC,0
235449,Sphaerodactylus sputator,[],[],[],[],Seller,270,[],[],LC,0
236741,Sphaerodactylus sputator,[],[],[],[],Seller,269,39.7837304,-100.445882,LC,0
236924,Thecadactylus oskrobapreinorum,[],[],[],[],Buyer,271,[],[],DD,0
237640,Thecadactylus oskrobapreinorum,[],[],[],[],[],272,[],[],DD,0
240041,Sphaerodactylus sputator,[],[],[],[],Seller,273,[],[],LC,0
242230,Iguana insularis,[],[],[],[],Seller,174,[],[],NE,Appendix II
242230,iguana sanctaluciae,[],[],[],[],Seller,174,[],[],NE,Appendix II
242446,Gonatodes daudini,[],[],[],[],Buyer,274,[],[],CR,Appendix I
242921,Iguana insularis,[],[],[],[],Seller,275,39.7837304,-100.445882,NE,Appendix II
242934,Iguana delicatissima,[],[],[],[],Seller,174,39.7837304,-100.445882,CR,Appendix II
243160,Iguana delicatissima,[],[],[],[],Seller,174,[],[],CR,Appendix II
243276,Iguana insularis,[],[],[],[],Seller,276,39.7837304,-100.445882,NE,Appendix II
243840,Iguana insularis,[],[],[],[],Seller,277,[],[],NE,Appendix II
243843,Iguana insularis,[],[],[],[],Seller,278,[],[],NE,Appendix II
244421,Iguana insularis,[],[],[],[],Seller,279,39.7837304,-100.445882,NE,Appendix II
244834,Sphaerodactylus sputator,[],[],[],[],Seller,280,[],[],LC,0
245430,Iguana melanoderma,[],[],[],[],Seller,281,39.7837304,-100.445882,CR,Appendix II
245436,Iguana delicatissima,[],[],[],[],[],282,[],[],CR,Appendix II
245437,Iguana delicatissima,[],[],[],[],Seller,283,39.7837304,-100.445882,CR,Appendix II
245438,Iguana delicatissima,[],[],[],[],Seller,284,39.7837304,-100.445882,CR,Appendix II
245451,Iguana melanoderma,[],[],[],[],Seller,285,39.7837304,-100.445882,CR,Appendix II
245675,Iguana melanoderma,[],[],[],[],Seller,217,[],[],CR,Appendix II
245676,Iguana insularis,[],[],[],[],Seller,217,[],[],NE,Appendix II
245992,Thecadactylus oskrobapreinorum,[],[],[],[],Seller,1,39.7837304,-100.445882,DD,0
246000,Anolis aeneus,[],[],[],[],Seller,265,[],[],LC,0
246000,Anolis pogus,[],[],[],[],Seller,265,[],[],NT,0
246025,Iguana melanoderma,[],[],[],[],Seller,286,[],[],CR,Appendix II
246242,Iguana delicatissima,[],[],[],[],Seller,286,[],[],CR,Appendix II
246343,Iguana delicatissima,[],[],[],[],Seller,217,[],[],CR,Appendix II
246479,Iguana insularis,[],[],[],[],Seller,287,[],[],NE,Appendix II
246695,Iguana delicatissima,[],[],[],[],Seller,283,[],[],CR,Appendix II
247131,Thecadactylus oskrobapreinorum,[],[],[],[],Seller,288,[],[],DD,0
247254,Iguana delicatissima,[],[],[],[],Seller,289,[],[],CR,Appendix II
247373,Iguana delicatissima,[],[],[],[],Seller,290,54.7023545,-3.2765753,CR,Appendix II
247484,Iguana delicatissima,[],[],[],[],Seller,291,[],[],CR,Appendix II
247727,Iguana delicatissima,[],[],[],[],Seller,1,39.7837304,-100.445882,CR,Appendix II
247831,Iguana delicatissima,[],[],[],[],Seller,292,[],[],CR,Appendix II
248015,Thecadactylus oskrobapreinorum,[],[],[],[],Seller,293,36.5748441,139.2394179,DD,0
248155,Anolis pogus,[],39.95,EUR,39.95,Seller,294,52.2434979,5.6343227,NT,0
248166,Anolis gingivinus,[],39.95,EUR,39.95,Seller,294,52.2434979,5.6343227,LC,0
248205,Pholidoscelis plei,[],195,EUR,195,Seller,294,52.2434979,5.6343227,LC,0
248206,Sphaerodactylus sputator,[],59.95,EUR,59.95,Seller,294,52.2434979,5.6343227,LC,0
248420,Anolis gingivinus,1,45,EUR,45,Seller,295,52.2434979,5.6343227,LC,0
248422,Anolis pogus,1,45,EUR,45,Seller,295,52.2434979,5.6343227,NT,0
249480,Anolis roquet,[],[],[],[],Seller,296,[],[],LC,0
249828,Anolis roquet,[],[],[],[],Seller,297,39.3260685,-4.8379791,LC,0
250017,Anolis leachii,[],69,EUR,69,Seller,299,51.1638175,10.4478313,LC,0
250029,Anolis roquet,[],59,EUR,59,Seller,299,51.1638175,10.4478313,LC,0
250030,Anolis gingivinus,[],159,EUR,159,Seller,299,51.1638175,10.4478313,LC,0
250055,Anolis sabanus,[],0,EUR,0,Seller,299,51.1638175,10.4478313,NT,0
250057,Anolis desiradei,[],0,EUR,0,Seller,299,51.1638175,10.4478313,LC,0
262688,Corallus cookii,[],[],[],[],[],301,[],[],NT,Appendix II
264840,Thecadactylus oskrobapreinorum,[],[],[],[],[],302,[],[],DD,0
266505,Anolis marmoratus,[],45,GBP,59.68565555,Seller,303,[],[],LC,0
267733,Corallus cookii,[],250,GBP,304.22878,Seller,304,[],[],NT,Appendix II
267937,Corallus cookii,[],[],[],[],Seller,305,[],[],NT,Appendix II
278960,Anolis marmoratus,[],[],[],[],Seller,307,51.1638175,10.4478313,LC,0
278971,Anolis oculatus,[],[],[],[],Seller,307,51.1638175,10.4478313,NT,0
278976,Anolis terraealtae,[],[],[],[],Seller,307,51.1638175,10.4478313,LC,0
278980,Anolis desiradei,[],[],[],[],Seller,307,51.1638175,10.4478313,LC,0
278981,Anolis sabanus,[],[],[],[],Seller,307,51.1638175,10.4478313,NT,0
278983,Anolis gingivinus,[],[],[],[],Seller,307,51.1638175,10.4478313,LC,0
278984,Anolis bimaculatus,[],[],[],[],Seller,307,51.1638175,10.4478313,LC,0
278986,Anolis leachii,[],[],[],[],Seller,307,51.1638175,10.4478313,LC,0
278987,Anolis roquet,[],[],[],[],Seller,307,51.1638175,10.4478313,LC,0
278989,Anolis wattsii,[],[],[],[],Seller,307,51.1638175,10.4478313,LC,0
278990,Anolis pogus,[],[],[],[],Seller,307,51.1638175,10.4478313,NT,0
278992,Anolis ferreus,[],[],[],[],Seller,307,51.1638175,10.4478313,LC,0
278993,Anolis lividus,[],[],[],[],Seller,307,51.1638175,10.4478313,NT,0
279225,Iguana insularis,[],1500,USD,1381.21547,Seller,308,39.7837304,-100.445882,NE,Appendix II
279266,Iguana melanoderma,[],1500,USD,1381.21547,Seller,308,39.7837304,-100.445882,CR,Appendix II
279274,Iguana insularis,[],1500,USD,1259.763165,Seller,308,39.7837304,-100.445882,NE,Appendix II
279818,Iguana delicatissima,[],[],[],[],Seller,309,36.5748441,139.2394179,CR,Appendix II
282419,Anolis marmoratus,[],100,CHF,90.7935355,[],310,[],[],LC,0
288635,Sphaerodactylus sputator,1,[],[],[],Seller,311,49.7439047,15.3381061,LC,0
288641,Gonatodes daudini,1,[],[],[],Seller,311,49.7439047,15.3381061,CR,Appendix I
288648,Gonatodes daudini,2,[],[],[],Seller,311,49.7439047,15.3381061,CR,Appendix I
288652,Sphaerodactylus fantasticus,1,[],[],[],Seller,311,49.7439047,15.3381061,LC,0
288666,Sphaerodactylus fantasticus,5,[],[],[],Seller,311,49.7439047,15.3381061,LC,0
288673,Sphaerodactylus phyzacinus,2,[],[],[],Seller,311,49.7439047,15.3381061,EN,0
288674,Sphaerodactylus sputator,12,[],[],[],Seller,311,49.7439047,15.3381061,LC,0
288750,Iguana delicatissima,[],[],[],[],Seller,312,47.59397,14.12456,CR,Appendix II
350042,Anolis sabanus,[],99.99,USD,84.28017532,Seller,313,39.7837304,-100.445882,NT,0
350045,Anolis bimaculatus,[],149.99,USD,126.4244774,Seller,313,39.7837304,-100.445882,LC,0
350046,Anolis gingivinus,[],39.99,USD,35.48988285,Seller,313,39.7837304,-100.445882,LC,0
350141,Anolis oculatus,[],1,USD,0.842886042,Seller,313,39.7837304,-100.445882,NT,0
350142,Anolis extremus,[],99.99,USD,84.28017532,Seller,313,39.7837304,-100.445882,LC,0
350432,Anolis wattsii,[],[],[],[],Seller,315,52.2434979,5.6343227,LC,0
350634,Thecadactylus oskrobapreinorum,[],[],[],[],[],316,[],[],DD,0
350701,Anolis trinitatis,[],[],[],[],[],317,[],[],LC,0
350958,Anolis roquet,[],[],[],[],[],318,[],[],LC,0
350974,Anolis marmoratus,[],[],[],[],Seller,319,[],[],LC,0
351067,Thecadactylus oskrobapreinorum,[],[],[],[],Seller,316,[],[],DD,0
351330,Mabuya mabouya,[],[],[],[],[],320,51.1638175,10.4478313,CR,0
351465,Anolis leachii,[],[],[],[],Seller,321,[],[],LC,0
351693,Sphaerodactylus sabanus,[],[],[],[],[],322,[],[],LC,0
351738,Iguana delicatissima,[],[],[],[],[],323,51.1638175,10.4478313,CR,Appendix II
351780,Iguana delicatissima,[],[],[],[],[],323,[],[],CR,Appendix II
352050,Anolis leachii,[],[],[],[],Seller,324,[],[],LC,0
352050,Anolis bimaculatus,[],[],[],[],Seller,324,[],[],LC,0
352503,Anolis marmoratus,[],[],[],[],[],325,52.2434979,5.6343227,LC,0
352520,Anolis sabanus,[],[],[],[],Seller,326,[],[],NT,0
352755,Anolis sabanus,[],[],[],[],[],319,36.5748441,139.2394179,NT,0
353458,Anolis lividus,[],[],[],[],[],324,[],[],NT,0
353458,Anolis oculatus,[],[],[],[],[],324,[],[],NT,0
353458,Anolis gingivinus,[],[],[],[],[],324,[],[],LC,0
353458,Anolis marmoratus,[],[],[],[],[],324,[],[],LC,0
353458,Anolis pogus,[],[],[],[],[],324,[],[],NT,0
353458,Anolis wattsii,[],[],[],[],[],324,[],[],LC,0
353458,Anolis bimaculatus,[],[],[],[],[],324,[],[],LC,0
353458,Anolis roquet,[],[],[],[],[],324,[],[],LC,0
353528,Anolis roquet,[],[],[],[],Seller,321,[],[],LC,0
353529,Anolis trinitatis,[],[],[],[],Seller,321,[],[],LC,0
353830,Anolis marmoratus,[],[],[],[],Seller,327,[],[],LC,0
353950,Anolis lividus,[],[],[],[],Seller,324,[],[],NT,0
353950,Anolis oculatus,[],[],[],[],Seller,324,[],[],NT,0
353950,Anolis gingivinus,[],[],[],[],Seller,324,[],[],LC,0
353950,Anolis wattsii,[],[],[],[],Seller,324,[],[],LC,0
353950,Anolis pogus,[],[],[],[],Seller,324,[],[],NT,0
353986,Anolis marmoratus,[],[],[],[],Seller,328,[],[],LC,0
354106,Anolis marmoratus,[],[],[],[],Buyer,328,[],[],LC,0
354996,Anolis marmoratus,[],[],[],[],Seller,324,[],[],LC,0
354996,Anolis ferreus,[],[],[],[],Seller,324,[],[],LC,0
355242,Anolis marmoratus,[],[],[],[],Seller,329,50.6402809,4.6667145,LC,0
355496,Anolis ferreus,[],[],[],[],Seller,330,[],[],LC,0
355774,Sphaerodactylus sputator,[],[],[],[],Seller,331,[],[],LC,0
355816,Anolis roquet,[],[],[],[],Seller,332,[],[],LC,0
355844,Anolis roquet,[],[],[],[],Buyer,332,[],[],LC,0
356227,Thecadactylus oskrobapreinorum,[],[],[],[],[],333,[],[],DD,0
356276,Anolis roquet,[],[],[],[],[],334,[],[],LC,0
356769,Anolis oculatus,[],[],[],[],Seller,335,[],[],NT,0
357014,Anolis marmoratus,[],[],[],[],Seller,336,[],[],LC,0
357565,Anolis marmoratus,[],[],[],[],[],337,[],[],LC,0
357566,Anolis marmoratus,[],[],[],[],Seller,337,[],[],LC,0
358331,Anolis marmoratus,[],[],[],[],Seller,338,[],[],LC,0
358389,Anolis desiradei,[],[],[],[],Seller,324,[],[],LC,0
358389,Anolis terraealtae,[],[],[],[],Seller,324,[],[],LC,0
358755,Anolis sabanus,[],[],[],[],Seller,324,[],[],NT,0
358755,Anolis roquet,[],[],[],[],Seller,324,[],[],LC,0
359649,Anolis oculatus,[],[],[],[],Seller,321,[],[],NT,0
359649,Anolis marmoratus,[],[],[],[],Seller,321,[],[],LC,0
359782,Anolis sabanus,[],[],[],[],[],339,[],[],NT,0
359782,Anolis roquet,[],[],[],[],[],339,[],[],LC,0
360022,Anolis roquet,[],[],[],[],Seller,340,[],[],LC,0
360067,Anolis trinitatis,[],[],[],[],Buyer,341,[],[],LC,0
360180,Iguana melanoderma,[],[],[],[],Buyer,342,[],[],CR,Appendix II
361076,Anolis trinitatis,[],[],[],[],Seller,343,[],[],LC,0
362403,Anolis ferreus,[],[],[],[],[],344,[],[],LC,0
362403,Anolis marmoratus,[],[],[],[],[],344,[],[],LC,0
362444,Anolis roquet,[],[],[],[],Seller,345,51.1638175,10.4478313,LC,0
362842,Sphaerodactylus sabanus,[],[],[],[],Seller,346,49.7439047,15.3381061,LC,0
363138,Anolis roquet,[],[],[],[],[],339,51.1638175,10.4478313,LC,0
363588,Anolis roquet,[],[],[],[],Buyer,348,[],[],LC,0
363621,Corallus grenadensis,[],[],[],[],Buyer,349,[],[],LC,Appendix II
363621,Corallus cookii,[],[],[],[],Buyer,349,[],[],NT,Appendix II
363707,Anolis roquet,[],[],[],[],Buyer,344,[],[],LC,0
363730,Anolis marmoratus,[],[],[],[],[],350,[],[],LC,0
364074,Thecadactylus oskrobapreinorum,[],[],[],[],Seller,346,[],[],DD,0
364295,Gonatodes daudini,[],[],[],[],[],351,51.1638175,10.4478313,CR,Appendix I
364315,Anolis roquet,[],[],[],[],Seller,352,[],[],LC,0
364691,Anolis oculatus,[],[],[],[],Buyer,353,51.1638175,10.4478313,NT,0
44344,Iguana delicatissima,[],[],[],[],[],,[],[],CR,Appendix II
44377,Thecadactylus oskrobapreinorum,[],[],[],[],[],,[],[],DD,0
46007,Anolis oculatus,[],[],[],[],Seller,,[],[],NT,0
46034,Anolis marmoratus,[],[],[],[],Seller,,[],[],LC,0
46060,Anolis oculatus,[],[],[],[],Seller,,51.1638175,10.4478313,NT,0
46076,Anolis oculatus,[],[],[],[],Seller,,[],[],NT,0
46127,Anolis oculatus,[],[],[],[],[],,[],[],NT,0
46130,Anolis oculatus,[],[],[],[],Seller,,[],[],NT,0
46155,Anolis oculatus,[],[],[],[],Seller,,[],[],NT,0
46186,Anolis oculatus,[],[],[],[],[],,[],[],NT,0
46221,Anolis marmoratus,[],[],[],[],Seller,,[],[],LC,0
46227,Anolis marmoratus,[],[],[],[],Buyer,,[],[],LC,0
252876,Anolis roquet,[],[],[],[],Seller,,51.1638175,10.4478313,LC,0
253092,Anolis roquet,[],[],[],[],Seller,,[],[],LC,0
253480,Anolis marmoratus,[],[],[],[],Seller,,51.1638175,10.4478313,LC,0
253480,Anolis roquet,[],[],[],[],Seller,,51.1638175,10.4478313,LC,0
253979,Anolis sabanus,[],[],[],[],Seller,,[],[],NT,0
253979,Anolis leachii,[],[],[],[],Seller,,[],[],LC,0
253979,Anolis desiradei,[],[],[],[],Seller,,[],[],LC,0
253979,Anolis oculatus,[],[],[],[],Seller,,[],[],NT,0
253979,Anolis gingivinus,[],[],[],[],Seller,,[],[],LC,0
253979,Anolis terraealtae,[],[],[],[],Seller,,[],[],LC,0
253979,Anolis marmoratus,[],[],[],[],Seller,,[],[],LC,0
253979,Anolis wattsii,[],[],[],[],Seller,,[],[],LC,0
253979,Anolis bimaculatus,[],[],[],[],Seller,,[],[],LC,0
253979,Anolis roquet,[],[],[],[],Seller,,[],[],LC,0
254450,Anolis roquet,[],[],[],[],Seller,,[],[],LC,0
255457,Anolis marmoratus,[],[],[],[],Seller,,[],[],LC,0
255676,Anolis roquet,[],[],[],[],Seller,,[],[],LC,0
257010,Anolis roquet,[],[],[],[],Buyer,,[],[],LC,0
272759,Anolis oculatus,[],50,EUR,50,Seller,,[],[],NT,0
283034,Anolis sabanus,[],100,PLN,22.13123824,[],,[],[],NT,0
289528,Iguana delicatissima,[],[],[],[],Seller,,[],[],CR,Appendix II
292028,Anolis roquet,[],[],[],[],Seller,,39.7837304,-100.445882,LC,0
293202,Anolis roquet,[],[],[],[],Seller,,[],[],LC,0
297573,Corallus cookii,[],[],[],[],Seller,,[],[],NT,Appendix II
298680,Anolis marmoratus,[],[],[],[],Buyer,,[],[],LC,0
304136,Corallus cookii,[],[],[],[],Seller,,[],[],NT,Appendix II
306358,Anolis marmoratus,[],[],[],[],Seller,,[],[],LC,0
309081,Anolis sabanus,[],[],[],[],Buyer,,[],[],NT,0
309081,Anolis bimaculatus,[],[],[],[],Buyer,,[],[],LC,0
309464,Anolis marmoratus,[],[],[],[],Seller,,[],[],LC,0
309581,Anolis marmoratus,[],[],[],[],Buyer,,[],[],LC,0
309586,Anolis marmoratus,[],[],[],[],Buyer,,54.7023545,-3.2765753,LC,0
313991,Anolis roquet,[],[],[],[],Seller,,[],[],LC,0
314149,Anolis roquet,[],[],[],[],Seller,,[],[],LC,0
317349,Anolis marmoratus,[],[],[],[],Seller,,54.7023545,-3.2765753,LC,0
318558,Boa nebulosa,[],[],[],[],Seller,,51.1638175,10.4478313,LC,Appendix II
318558,Boa orophias,[],[],[],[],Seller,,51.1638175,10.4478313,EN,Appendix II
318642,Corallus cookii,[],[],[],[],Seller,,54.7023545,-3.2765753,NT,Appendix II
318960,Boa nebulosa,[],[],[],[],Seller,,51.1638175,10.4478313,LC,Appendix II
318960,Boa orophias,[],[],[],[],Seller,,51.1638175,10.4478313,EN,Appendix II
319553,Boa nebulosa,[],[],[],[],Buyer,,51.1638175,10.4478313,LC,Appendix II
319553,Boa orophias,[],[],[],[],Buyer,,51.1638175,10.4478313,EN,Appendix II
325889,Corallus cookii,[],[],[],[],Seller,,[],[],NT,Appendix II
327545,Corallus cookii,[],[],[],[],Seller,,[],[],NT,Appendix II
327745,Corallus cookii,[],[],[],[],Seller,,[],[],NT,Appendix II
329285,Corallus cookii,[],[],[],[],Buyer,,[],[],NT,Appendix II
332385,Corallus cookii,[],[],[],[],Seller,,[],[],NT,Appendix II
335382,Corallus cookii,[],[],[],[],Seller,,54.7023545,-3.2765753,NT,Appendix II
336104,Corallus cookii,[],[],[],[],Buyer,,[],[],NT,Appendix II
337841,Corallus cookii,[],[],[],[],Seller,,54.7023545,-3.2765753,NT,Appendix II
338731,Corallus cookii,[],[],[],[],Seller,,[],[],NT,Appendix II
345473,Corallus cookii,[],[],[],[],Seller,,[],[],NT,Appendix II
345826,Corallus cookii,[],[],[],[],Seller,,[],[],NT,Appendix II
346146,Corallus cookii,[],[],[],[],Seller,,[],[],NT,Appendix II
347521,Corallus cookii,[],[],[],[],Seller,,54.7023545,-3.2765753,NT,Appendix II
348105,Corallus cookii,[],[],[],[],Seller,,54.7023545,-3.2765753,NT,Appendix II
348164,Corallus cookii,[],[],[],[],[],,54.7023545,-3.2765753,NT,Appendix II
348851,Corallus cookii,[],[],[],[],Seller,,[],[],NT,Appendix II
349199,Corallus cookii,[],[],[],[],Buyer,,[],[],NT,Appendix II
364885,Sphaerodactylus sputator,1,[],[],[],Seller,,51.1638175,10.4478313,LC,0
364969,Thecadactylus oskrobapreinorum,0,650,USD,598.5267035,Seller,,39.7837304,-100.445882,DD,0
365029,Sphaerodactylus sputator,1,200,USD,184.1620626,Seller,,39.7837304,-100.445882,LC,0
366558,Gonatodes daudini,[],[],[],[],Seller,,51.1638175,10.4478313,CR,Appendix I
366562,Sphaerodactylus sputator,[],[],[],[],Seller,,51.1638175,10.4478313,LC,0
366572,Sphaerodactylus sputator,[],[],[],[],Seller,,51.1638175,10.4478313,LC,0
366590,Gonatodes daudini,[],[],[],[],Seller,,51.1638175,10.4478313,CR,Appendix I
366590,Sphaerodactylus sputator,[],[],[],[],Seller,,51.1638175,10.4478313,LC,0
366593,Sphaerodactylus fantasticus,[],[],[],[],Seller,,51.1638175,10.4478313,LC,0
366593,Sphaerodactylus sputator,[],[],[],[],Seller,,51.1638175,10.4478313,LC,0
366602,Sphaerodactylus sputator,[],[],[],[],Seller,,51.1638175,10.4478313,LC,0
366605,Sphaerodactylus sputator,[],[],[],[],Seller,,51.1638175,10.4478313,LC,0
366617,Sphaerodactylus sputator,[],[],[],[],Seller,,51.1638175,10.4478313,LC,0
366624,Sphaerodactylus sputator,[],[],[],[],Seller,,51.1638175,10.4478313,LC,0
366626,Sphaerodactylus sputator,[],[],[],[],Seller,,51.1638175,10.4478313,LC,0
366626,Sphaerodactylus fantasticus,[],[],[],[],Seller,,51.1638175,10.4478313,LC,0
366626,Sphaerodactylus vincenti,[],[],[],[],Seller,,51.1638175,10.4478313,LC,0
366626,Sphaerodactylus festus,[],[],[],[],Seller,,51.1638175,10.4478313,LC,0
366635,Sphaerodactylus fantasticus,[],[],[],[],Seller,,51.1638175,10.4478313,LC,0
366640,Sphaerodactylus sputator,[],[],[],[],Seller,,51.1638175,10.4478313,LC,0
366641,Anolis marmoratus,[],[],[],[],Seller,,51.1638175,10.4478313,LC,0
366644,Sphaerodactylus fantasticus,[],[],[],[],Buyer,,51.1638175,10.4478313,LC,0
366654,Anolis marmoratus,[],[],[],[],Seller,,51.1638175,10.4478313,LC,0
366706,Anolis marmoratus,[],[],[],[],Seller,,51.1638175,10.4478313,LC,0
366753,Sphaerodactylus sputator,[],[],[],[],Seller,,51.1638175,10.4478313,LC,0
366757,Sphaerodactylus fantasticus,[],[],[],[],Seller,,51.1638175,10.4478313,LC,0
366774,Sphaerodactylus sputator,[],[],[],[],Buyer,,51.1638175,10.4478313,LC,0
366781,Sphaerodactylus sputator,[],[],[],[],[],,51.1638175,10.4478313,LC,0
366788,Gonatodes daudini,[],[],[],[],Buyer,,[],[],CR,Appendix I
366793,Sphaerodactylus sputator,[],[],[],[],Seller,,51.1638175,10.4478313,LC,0
366795,Sphaerodactylus fantasticus,[],[],[],[],Seller,,51.1638175,10.4478313,LC,0
366823,Sphaerodactylus fantasticus,[],[],[],[],Seller,,51.1638175,10.4478313,LC,0
366837,Sphaerodactylus sputator,[],[],[],[],[],,51.1638175,10.4478313,LC,0
