,original_datarow,Species,Quantity,Price,Currency,Price_euro,Intent,Seller_id,lat,lon
0,129,Anolis sabanus,[],[],[],[],Seller,0,54.7023545,-3.2765753
1,129,Anolis bimaculatus,[],[],[],[],Seller,0,54.7023545,-3.2765753
2,156,Anolis roquet,[],[],[],[],Seller,0,54.7023545,-3.2765753
4,598,Thecadactylus oskrobapreinorum,[],199.99,[],[],Seller,1,26.318342,-80.0996306
8,39259,Anolis gingivinus,[],20,GBP,22.572599121925894,Seller,2,53.7974185,-1.5437941
11,43027,Sphaerodactylus sputator,[],74.99,USD,65.97167238497404,Seller,5,42.9975968,-84.1720541
12,43049,Anolis aeneus,1,29.99,USD,24.90036532713384,Seller,5,42.9975968,-84.1720541
14,43334,Anolis pogus,[],55.06,GBP,62.51490207209764,Seller,6,54.596391,-5.9301829
15,43336,Anolis gingivinus,[],82.66,GBP,93.85183082600055,Seller,6,54.596391,-5.9301829
21,45753,Anolis roquet,[],[],[],[],Seller,8,[],[]
22,45754,Anolis marmoratus,[],[],[],[],Buyer,9,[],[]
23,45754,Anolis trinitatis,[],[],[],[],Buyer,9,[],[]
24,45758,Anolis roquet,[],[],[],[],[],8,[],[]
25,45760,Anolis wattsii,[],[],[],[],Seller,10,[],[]
26,45761,Anolis roquet,[],[],[],[],Buyer,8,[],[]
27,45763,Anolis wattsii,[],[],[],[],Seller,11,52.2288689,5.3214503
28,45764,Anolis roquet,[],[],[],[],Seller,12,[],[]
29,45766,Anolis oculatus,[],[],[],[],Buyer,13,[],[]
30,45773,Anolis marmoratus,[],[],[],[],Buyer,14,[],[]
31,45774,Anolis marmoratus,[],[],[],[],[],14,[],[]
32,45775,Anolis oculatus,[],[],[],[],Seller,14,51.0834196,10.4234469
33,45778,Anolis roquet,[],[],[],[],Buyer,15,[],[]
34,45780,Anolis oculatus,[],[],[],[],Seller,16,[],[]
35,45784,Anolis roquet,[],[],[],[],Buyer,12,51.0834196,10.4234469
36,45787,Anolis marmoratus,[],[],[],[],Buyer,17,51.0834196,10.4234469
37,45788,Anolis sabanus,[],[],[],[],Seller,18,51.0834196,10.4234469
38,45790,Anolis roquet,[],[],[],[],Seller,19,51.0834196,10.4234469
39,45792,Anolis roquet,[],[],[],[],Seller,20,[],[]
40,45794,Anolis wattsii,[],[],[],[],[],21,[],[]
41,45794,Anolis schwartzi,[],[],[],[],[],21,[],[]
42,45794,Anolis bimaculatus,[],[],[],[],[],21,[],[]
43,45797,Anolis roquet,[],[],[],[],Seller,22,[],[]
44,45798,Anolis roquet,[],[],[],[],[],23,51.0834196,10.4234469
45,45799,Anolis roquet,[],[],[],[],Buyer,24,[],[]
46,45803,Anolis roquet,[],[],[],[],Buyer,25,[],[]
47,45809,Anolis roquet,[],[],[],[],Buyer,26,[],[]
48,45810,Anolis roquet,[],[],[],[],Seller,27,[],[]
49,45811,Anolis roquet,[],[],[],[],Seller,28,[],[]
50,45812,Anolis wattsii,[],[],[],[],Seller,28,[],[]
52,45816,Anolis roquet,[],[],[],[],Seller,25,[],[]
53,45817,Anolis roquet,[],[],[],[],Seller,29,[],[]
54,45821,Anolis roquet,[],[],[],[],Buyer,30,[],[]
55,45823,Anolis roquet,[],[],[],[],Buyer,31,51.0834196,10.4234469
56,45826,Anolis marmoratus,[],[],[],[],Buyer,19,[],[]
57,45827,Anolis roquet,[],[],[],[],Seller,24,[],[]
58,45832,Anolis roquet,[],[],[],[],Seller,29,51.0834196,10.4234469
59,45836,Anolis roquet,[],[],[],[],Buyer,19,51.0834196,10.4234469
61,45839,Anolis roquet,[],[],[],[],Seller,32,[],[]
62,45845,Anolis roquet,[],[],[],[],Seller,33,[],[]
63,45857,Anolis oculatus,[],[],[],[],Seller,28,[],[]
64,45863,Anolis roquet,[],[],[],[],Seller,34,[],[]
66,45865,Anolis roquet,[],[],[],[],Seller,35,[],[]
67,45868,Anolis roquet,[],[],[],[],Buyer,36,51.0834196,10.4234469
69,45870,Anolis roquet,[],[],[],[],Seller,18,51.0834196,10.4234469
75,45900,Anolis roquet,[],[],[],[],Seller,37,[],[]
76,45901,Anolis wattsii,[],[],[],[],Buyer,38,[],[]
80,45916,Anolis marmoratus,[],[],[],[],Buyer,10,51.0834196,10.4234469
81,45918,Anolis roquet,[],[],[],[],Buyer,39,[],[]
82,45918,Anolis wattsii,[],[],[],[],Buyer,39,[],[]
83,45920,Anolis oculatus,[],[],[],[],Seller,14,[],[]
84,45920,Anolis marmoratus,[],[],[],[],Seller,14,[],[]
85,45921,Anolis roquet,[],[],[],[],Buyer,40,[],[]
86,45933,Anolis extremus,[],[],[],[],Seller,41,51.0834196,10.4234469
87,45937,Anolis sabanus,[],[],[],[],Seller,42,[],[]
88,45938,Anolis roquet,[],[],[],[],Seller,43,51.0834196,10.4234469
89,45939,Anolis sabanus,[],[],[],[],Seller,10,51.0834196,10.4234469
90,45940,Anolis trinitatis,[],[],[],[],Buyer,44,51.0834196,10.4234469
91,45943,Anolis roquet,[],[],[],[],Seller,45,51.0834196,10.4234469
92,45945,Anolis sabanus,[],[],[],[],Seller,42,51.0834196,10.4234469
95,45951,Anolis marmoratus,[],[],[],[],[],46,[],[]
96,45951,Anolis roquet,[],[],[],[],[],46,[],[]
97,45956,Anolis roquet,[],[],[],[],Seller,40,[],[]
99,45961,Anolis oculatus,[],[],[],[],Seller,47,[],[]
100,45963,Anolis roquet,[],[],[],[],Seller,48,[],[]
101,45964,Anolis roquet,[],[],[],[],Seller,37,51.0834196,10.4234469
102,45966,Anolis roquet,[],[],[],[],Buyer,49,51.0834196,10.4234469
103,45969,Anolis oculatus,[],[],[],[],Buyer,44,51.0834196,10.4234469
104,45970,Anolis trinitatis,[],[],[],[],Buyer,50,[],[]
107,45979,Anolis roquet,[],[],[],[],Seller,42,51.0834196,10.4234469
110,45985,Anolis oculatus,[],[],[],[],Seller,10,51.0834196,10.4234469
112,45985,Anolis roquet,[],[],[],[],Seller,10,51.0834196,10.4234469
113,45997,Anolis oculatus,[],[],[],[],Buyer,19,51.0834196,10.4234469
115,45999,Anolis marmoratus,[],[],[],[],Seller,35,[],[]
118,46008,Anolis roquet,[],[],[],[],[],51,[],[]
119,46009,Anolis roquet,[],[],[],[],Seller,52,[],[]
120,46018,Anolis oculatus,[],[],[],[],Buyer,53,51.0834196,10.4234469
121,46022,Anolis roquet,[],[],[],[],Buyer,54,51.0834196,10.4234469
122,46027,Anolis roquet,[],[],[],[],Seller,55,51.0834196,10.4234469
125,46044,Anolis sabanus,[],[],[],[],Seller,57,[],[]
126,46046,Anolis sabanus,[],[],[],[],Seller,58,[],[]
127,46049,Anolis sabanus,[],[],[],[],Buyer,44,51.0834196,10.4234469
128,46056,Anolis oculatus,[],[],[],[],Buyer,40,[],[]
129,46056,Anolis sabanus,[],[],[],[],Buyer,40,[],[]
130,46057,Anolis roquet,[],[],[],[],Seller,11,[],[]
131,46058,Anolis oculatus,[],[],[],[],Buyer,59,[],[]
132,46059,Anolis oculatus,[],[],[],[],Seller,59,[],[]
134,46072,Anolis oculatus,[],[],[],[],Buyer,60,51.0834196,10.4234469
135,46072,Anolis marmoratus,[],[],[],[],Buyer,60,51.0834196,10.4234469
136,46072,Anolis roquet,[],[],[],[],Buyer,60,51.0834196,10.4234469
137,46072,Anolis trinitatis,[],[],[],[],Buyer,60,51.0834196,10.4234469
138,46075,Anolis extremus,[],[],[],[],Seller,61,[],[]
139,46075,Anolis marmoratus,[],[],[],[],Seller,61,[],[]
140,46075,Anolis roquet,[],[],[],[],Seller,61,[],[]
142,46077,Anolis roquet,[],[],[],[],Seller,62,51.0834196,10.4234469
147,46092,Anolis sabanus,[],[],[],[],Seller,10,[],[]
148,46093,Anolis trinitatis,[],[],[],[],Seller,64,[],[]
150,46112,Anolis oculatus,[],[],[],[],Seller,59,51.0834196,10.4234469
151,46120,Anolis bimaculatus,[],[],[],[],Buyer,59,[],[]
152,46124,Anolis roquet,[],[],[],[],[],65,[],[]
153,46125,Anolis roquet,[],[],[],[],Buyer,66,[],[]
158,46135,Anolis extremus,[],[],[],[],Buyer,10,[],[]
159,46135,Anolis leachii,[],[],[],[],Buyer,10,[],[]
160,46139,Anolis trinitatis,[],[],[],[],Seller,59,[],[]
161,46140,Anolis aeneus,[],[],[],[],Seller,67,[],[]
163,46147,Anolis wattsii,[],[],[],[],Buyer,68,[],[]
165,46148,Anolis marmoratus,[],[],[],[],Seller,59,51.0834196,10.4234469
169,46162,Anolis roquet,[],[],[],[],[],37,51.0834196,10.4234469
170,46166,Anolis marmoratus,[],[],[],[],Buyer,59,[],[]
171,46169,Anolis roquet,[],[],[],[],Buyer,52,[],[]
172,46171,Anolis roquet,[],[],[],[],Buyer,10,51.0834196,10.4234469
173,46172,Anolis roquet,[],[],[],[],Seller,11,51.0834196,10.4234469
174,46173,Anolis roquet,[],[],[],[],Seller,59,51.0834196,10.4234469
175,46176,Anolis trinitatis,[],[],[],[],Buyer,64,[],[]
177,46179,Anolis oculatus,[],[],[],[],Buyer,67,51.0834196,10.4234469
178,46179,Anolis sabanus,[],[],[],[],Buyer,67,51.0834196,10.4234469
179,46179,Anolis bimaculatus,[],[],[],[],Buyer,67,51.0834196,10.4234469
180,46182,Anolis roquet,[],[],[],[],Seller,69,[],[]
185,46200,Anolis roquet,[],[],[],[],Buyer,55,[],[]
186,46203,Anolis extremus,[],[],[],[],Buyer,61,[],[]
188,46209,Anolis marmoratus,[],[],[],[],Seller,70,[],[]
189,46213,Anolis gingivinus,[],[],[],[],Seller,71,39.7837304,-100.445882
190,46213,Anolis wattsii,[],[],[],[],Seller,71,39.7837304,-100.445882
191,46213,Anolis pogus,[],[],[],[],Seller,71,39.7837304,-100.445882
192,46213,Anolis bimaculatus,[],[],[],[],Seller,71,39.7837304,-100.445882
194,46213,Anolis roquet,[],[],[],[],Seller,71,39.7837304,-100.445882
195,46214,Anolis extremus,[],[],[],[],[],72,[],[]
196,46215,Anolis oculatus,[],[],[],[],Seller,62,[],[]
198,46218,Anolis trinitatis,[],[],[],[],Buyer,40,[],[]
202,46230,Anolis roquet,[],[],[],[],Seller,66,[],[]
203,46231,Anolis roquet,[],[],[],[],Buyer,65,[],[]
204,46247,Anolis marmoratus,[],[],[],[],Buyer,73,51.0834196,10.4234469
205,46247,Anolis roquet,[],[],[],[],Buyer,73,51.0834196,10.4234469
206,46249,Anolis oculatus,[],[],[],[],Seller,33,[],[]
207,46249,Anolis marmoratus,[],[],[],[],Seller,33,[],[]
211,46260,Anolis roquet,[],[],[],[],Buyer,74,51.0834196,10.4234469
212,46261,Anolis oculatus,[],[],[],[],Buyer,44,[],[]
213,46272,Anolis roquet,[],[],[],[],Seller,30,39.7837304,-100.445882
214,46280,Anolis sabanus,[],[],[],[],Seller,40,[],[]
215,46285,Anolis oculatus,[],[],[],[],Seller,75,[],[]
216,46286,Anolis roquet,[],[],[],[],Seller,76,[],[]
223,46306,Anolis oculatus,[],[],[],[],Seller,40,51.0834196,10.4234469
224,46306,Anolis roquet,[],[],[],[],Seller,40,51.0834196,10.4234469
230,46334,Anolis marmoratus,[],[],[],[],Buyer,28,[],[]
232,46342,Anolis trinitatis,[],[],[],[],Buyer,28,[],[]
233,46346,Anolis roquet,[],[],[],[],Seller,54,[],[]
234,46348,Anolis oculatus,[],[],[],[],Seller,77,51.0834196,10.4234469
235,46349,Anolis marmoratus,[],[],[],[],Buyer,26,51.0834196,10.4234469
238,46356,Anolis marmoratus,[],[],[],[],Seller,78,51.0834196,10.4234469
239,46359,Anolis marmoratus,[],[],[],[],[],79,[],[]
240,46361,Anolis oculatus,[],[],[],[],Buyer,77,[],[]
241,46361,Anolis roquet,[],[],[],[],Buyer,77,[],[]
244,46366,Anolis oculatus,[],[],[],[],Seller,28,51.0834196,10.4234469
245,46370,Anolis roquet,[],[],[],[],Buyer,81,[],[]
246,46371,Anolis roquet,[],[],[],[],Buyer,30,51.0834196,10.4234469
247,46372,Anolis roquet,[],[],[],[],Seller,82,[],[]
248,46375,Anolis marmoratus,[],[],[],[],Buyer,23,[],[]
250,46376,Anolis sabanus,[],[],[],[],Seller,77,51.0834196,10.4234469
253,46381,Anolis roquet,[],[],[],[],Seller,17,[],[]
254,46382,Anolis trinitatis,[],[],[],[],Seller,24,51.0834196,10.4234469
255,46382,Anolis bimaculatus,[],[],[],[],Seller,24,51.0834196,10.4234469
259,46387,Anolis roquet,[],[],[],[],Seller,76,51.0834196,10.4234469
260,46392,Anolis marmoratus,[],[],[],[],[],83,[],[]
262,46907,Anolis roquet,1,58.50,EUR,58.5,Seller,85,37.9839412,23.7283052
263,46923,Anolis roquet,[],[],[],[],Other,86,52.215933,19.134422
264,46924,Anolis trinitatis,[],[],[],[],Other,86,52.215933,19.134422
265,46926,Anolis sabanus,[],[],[],[],Other,86,52.215933,19.134422
266,46928,Anolis gingivinus,[],[],[],[],Other,86,52.215933,19.134422
267,46929,Anolis marmoratus,[],[],[],[],Other,86,52.215933,19.134422
268,48466,Alsophis sibonius,[],[],[],[],Seller,87,34.8620394,135.58851894139087
269,48577,Mastigodryas bruesi,[],[],[],[],Seller,87,34.8620394,135.58851894139087
271,48665,Alsophis rufiventris,[],[],[],[],Seller,87,34.8620394,135.58851894139087
272,48665,Alsophis antillensis,[],[],[],[],Seller,87,34.8620394,135.58851894139087
273,48686,Corallus grenadensis,[],[],[],[],Seller,87,34.8620394,135.58851894139087
274,48689,Corallus cookii,[],[],[],[],Seller,87,34.8620394,135.58851894139087
281,49198,Sphaerodactylus fantasticus,[],[],[],[],Seller,88,44.4308975,-89.6884637
283,49245,Anolis extremus,[],105.50,EUR,105.5,Seller,89,52.2288689,5.3214503
284,49246,Anolis richardii,[],158.25,EUR,158.25,Seller,89,52.2288689,5.3214503
285,49247,Anolis roquet,[],42.20,EUR,42.2,Seller,89,52.2288689,5.3214503
286,49278,Gonatodes daudini,[],896.75,EUR,896.75,Seller,89,52.2288689,5.3214503
287,49305,Sphaerodactylus kirbyi,[],158.25,EUR,158.25,Seller,89,52.2288689,5.3214503
288,49306,Sphaerodactylus sputator,[],158.25,EUR,158.25,Seller,89,52.2288689,5.3214503
289,49523,Sphaerodactylus sputator,[],[],[],[],Seller,90,43.880078,-79.439392
290,49560,Anolis gingivinus,[],[],[],[],Seller,90,43.880078,-79.439392
291,49560,Anolis pogus,[],[],[],[],Seller,90,43.880078,-79.439392
292,49560,Sphaerodactylus parvus,[],[],[],[],Seller,90,43.880078,-79.439392
293,49560,Pholidoscelis plei,[],[],[],[],Seller,90,43.880078,-79.439392
294,49560,Thecadactylus oskrobapreinorum,[],[],[],[],Seller,90,43.880078,-79.439392
296,49565,Sphaerodactylus sputator,[],195.00,USD,160.54668203523795,Seller,91,39.7837304,-100.445882
297,49584,Anolis gingivinus,[],300.00,USD,246.99489543882763,Seller,91,39.7837304,-100.445882
298,49591,Sphaerodactylus parvus,[],200.00,USD,164.6632636258851,Seller,91,39.7837304,-100.445882
299,51395,Thecadactylus oskrobapreinorum,[],300.00,USD,245.39877300613497,Seller,92,25.7741728,-80.19362
302,51608,Thecadactylus oskrobapreinorum,[],550.00,USD,449.89775051124747,Seller,93,42.8666803,-88.3334274
303,51628,Thecadactylus oskrobapreinorum,[],300.00,USD,245.39877300613497,Seller,93,42.8666803,-88.3334274
304,51642,Thecadactylus oskrobapreinorum,[],[],[],[],Seller,94,44.4308975,-89.6884637
305,51894,Anolis marmoratus,[],[],[],[],Buyer,95,39.3260685,-4.8379791
306,54075,Anolis marmoratus,[],[],[],[],[],96,[],[]
308,54697,Corallus cookii,[],[],[],[],Seller,98,[],[]
310,55887,Anolis roquet,[],[],[],[],Seller,99,[],[]
314,56132,Anolis oculatus,[],[],[],[],Buyer,103,[],[]
315,56132,Anolis sabanus,[],[],[],[],Buyer,103,[],[]
316,56132,Anolis marmoratus,[],[],[],[],Buyer,103,[],[]
317,56132,Anolis roquet,[],[],[],[],Buyer,103,[],[]
319,56165,Anolis roquet,[],[],[],[],Seller,104,[],[]
321,56641,Thecadactylus oskrobapreinorum,[],[],[],[],Seller,105,51.0834196,10.4234469
325,77616,Corallus cookii,[],[],[],[],Buyer,109,[],[]
327,86861,Corallus cookii,[],[],[],[],Seller,110,[],[]
328,90113,Boa nebulosa,[],[],[],[],Buyer,111,[],[]
329,90843,Corallus cookii,[],[],[],[],Seller,112,[],[]
330,90909,Boa orophias,[],[],[],[],Buyer,111,[],[]
336,99662,Corallus grenadensis,[],[],[],[],Buyer,117,[],[]
337,101910,Corallus cookii,[],[],[],[],Seller,118,[],[]
338,102097,Corallus cookii,[],[],[],[],Seller,118,39.7837304,-100.445882
353,115764,Corallus cookii,[],[],[],[],Seller,129,[],[]
354,116328,Corallus cookii,[],[],[],[],Seller,130,[],[]
356,116477,Corallus cookii,[],[],[],[],Seller,131,[],[]
358,117060,Corallus cookii,[],[],[],[],Seller,133,[],[]
360,118009,Corallus cookii,[],[],[],[],Seller,135,[],[]
371,129654,Mabuya mabouya,[],[],[],[],Seller,142,[],[]
372,129654,Corallus cookii,[],[],[],[],Seller,142,[],[]
380,134652,Mabuya mabouya,[],[],[],[],Seller,143,[],[]
382,134652,Corallus cookii,[],[],[],[],Seller,143,[],[]
385,135138,Anolis sabanus,[],[],[],[],Seller,146,39.7837304,-100.445882
386,135138,Anolis marmoratus,[],[],[],[],Seller,146,39.7837304,-100.445882
402,140170,Anolis extremus,[],[],[],[],Seller,154,[],[]
403,140176,Anolis roquet,[],[],[],[],Buyer,155,[],[]
409,140383,Anolis luciae,[],[],[],[],Seller,154,[],[]
418,143036,Anolis roquet,[],[],[],[],Buyer,158,39.7837304,-100.445882
419,143036,Anolis leachii,[],[],[],[],Buyer,158,39.7837304,-100.445882
421,143477,Anolis trinitatis,[],[],[],[],Buyer,160,51.0834196,10.4234469
423,143983,Anolis sabanus,[],[],[],[],Seller,120,[],[]
425,143983,Anolis bimaculatus,[],[],[],[],Seller,120,[],[]
427,144948,Anolis leachii,[],[],[],[],Seller,162,[],[]
438,147018,Corallus cookii,[],[],[],[],Buyer,110,39.7837304,-100.445882
439,147128,Anolis sabanus,[],[],[],[],Buyer,165,[],[]
440,147128,Anolis leachii,[],[],[],[],Buyer,165,[],[]
452,151035,Anolis marmoratus,[],[],[],[],Seller,173,[],[]
453,151036,Anolis sabanus,[],[],[],[],Seller,174,[],[]
454,151036,Anolis pogus,[],[],[],[],Seller,174,[],[]
455,151036,Anolis bimaculatus,[],[],[],[],Seller,174,[],[]
456,151348,Pholidoscelis plei,[],[],[],[],Seller,174,[],[]
458,151719,Anolis extremus,[],[],[],[],Seller,173,39.7837304,-100.445882
460,152099,Anolis sabanus,[],[],[],[],Seller,176,[],[]
462,152465,Anolis marmoratus,[],[],[],[],Seller,174,[],[]
463,152467,Anolis gingivinus,[],[],[],[],Seller,174,[],[]
464,152486,Anolis extremus,[],[],[],[],Seller,174,[],[]
465,152487,Anolis oculatus,[],[],[],[],Seller,174,[],[]
466,152671,Corallus cookii,[],[],[],[],Seller,177,[],[]
476,153624,Anolis roquet,[],[],[],[],Seller,181,[],[]
477,153626,Anolis extremus,[],[],[],[],Seller,104,[],[]
481,153925,Gonatodes daudini,[],[],[],[],Seller,183,[],[]
483,154375,Anolis sabanus,[],[],[],[],Seller,184,[],[]
484,154375,Anolis leachii,[],[],[],[],Seller,184,[],[]
488,154755,Anolis marmoratus,[],[],[],[],Seller,187,[],[]
492,155535,Anolis bimaculatus,[],[],[],[],Seller,187,[],[]
495,156292,Anolis desiradei,[],[],[],[],Seller,187,[],[]
496,156292,Anolis terraealtae,[],[],[],[],Seller,187,[],[]
501,157420,Anolis roquet,[],[],[],[],Seller,154,[],[]
508,159323,Anolis oculatus,[],[],[],[],Seller,190,[],[]
509,159323,Anolis pogus,[],[],[],[],Seller,190,[],[]
511,159708,Pholidoscelis plei,[],[],[],[],Seller,191,39.7837304,-100.445882
512,159709,Anolis sabanus,[],[],[],[],Seller,190,[],[]
513,159709,Anolis bimaculatus,[],[],[],[],Seller,190,[],[]
519,161147,Anolis bimaculatus,[],[],[],[],Seller,183,39.7837304,-100.445882
537,163351,Anolis aeneus,[],[],[],[],[],164,[],[]
559,166103,Anolis sabanus,[],[],[],[],Seller,209,[],[]
560,166103,Anolis bimaculatus,[],[],[],[],Seller,209,[],[]
562,166113,Anolis bimaculatus,[],[],[],[],Seller,211,[],[]
563,166118,Anolis extremus,[],[],[],[],Seller,212,[],[]
568,166758,Alsophis rufiventris,[],[],[],[],Seller,174,[],[]
573,167207,Corallus grenadensis,[],[],[],[],Seller,217,[],[]
581,168632,Mabuya mabouya,[],[],[],[],Seller,221,[],[]
582,168632,Corallus cookii,[],[],[],[],Seller,221,[],[]
588,170337,Anolis bimaculatus,[],[],[],[],Seller,183,[],[]
590,170687,Thecadactylus oskrobapreinorum,[],[],[],[],Seller,91,39.7837304,-100.445882
592,170687,Anolis bimaculatus,[],[],[],[],Seller,91,39.7837304,-100.445882
596,170708,Anolis sabanus,[],[],[],[],Seller,183,39.7837304,-100.445882
600,171192,Anolis bimaculatus,[],[],[],[],Seller,224,39.7837304,-100.445882
601,171205,Anolis extremus,[],[],[],[],Seller,225,[],[]
603,171554,Anolis sabanus,[],[],[],[],Seller,183,[],[]
620,172077,Anolis sabanus,[],[],[],[],Seller,165,[],[]
621,172077,Anolis leachii,[],[],[],[],Seller,165,[],[]
631,174639,Sphaerodactylus sputator,[],[],[],[],Seller,91,39.7837304,-100.445882
640,175524,Anolis leachii,[],[],[],[],Seller,233,[],[]
642,176368,Anolis aeneus,[],[],[],[],Seller,234,[],[]
643,176368,Anolis roquet,[],[],[],[],Seller,234,[],[]
644,176368,Anolis trinitatis,[],[],[],[],Seller,234,[],[]
645,178110,Anolis extremus,[],[],[],[],Seller,91,[],[]
646,178110,Anolis marmoratus,[],[],[],[],Seller,91,[],[]
647,178110,Sphaerodactylus sputator,[],[],[],[],Seller,91,[],[]
657,178958,Anolis marmoratus,[],[],[],[],Seller,91,39.7837304,-100.445882
664,180676,Anolis gingivinus,[],[],[],[],[],241,[],[]
665,180676,Anolis aeneus,[],[],[],[],[],241,[],[]
666,180676,Anolis pogus,[],[],[],[],[],241,[],[]
669,182370,Anolis bimaculatus,[],[],[],[],Seller,152,[],[]
677,184525,Anolis desiradei,[],[],[],[],Seller,91,[],[]
678,184525,Anolis oculatus,[],[],[],[],Seller,91,[],[]
679,184525,Anolis gingivinus,[],[],[],[],Seller,91,[],[]
680,184525,Anolis terraealtae,[],[],[],[],Seller,91,[],[]
692,192583,Sphaerodactylus kirbyi,[],[],[],[],Seller,174,[],[]
697,198145,Anolis leachii,[],[],[],[],Seller,249,[],[]
705,199820,Anolis sabanus,[],[],[],[],Seller,252,[],[]
717,204463,Thecadactylus oskrobapreinorum,[],[],[],[],Seller,105,[],[]
722,206380,Anolis leachii,[],[],[],[],[],162,[],[]
724,206497,Anolis leachii,[],[],[],[],Seller,162,49.8167003,15.4749544
729,213144,Sphaerodactylus sabanus,[],[],[],[],Seller,174,[],[]
730,214436,Sphaerodactylus fantasticus,[],[],[],[],Seller,258,[],[]
732,214712,Sphaerodactylus fantasticus,[],[],[],[],Seller,259,[],[]
734,215268,Sphaerodactylus fantasticus,[],[],[],[],Seller,260,[],[]
738,216713,Thecadactylus oskrobapreinorum,[],[],[],[],Seller,261,39.7837304,-100.445882
743,218070,Thecadactylus oskrobapreinorum,[],[],[],[],Seller,190,[],[]
744,218113,Sphaerodactylus sputator,[],[],[],[],Seller,190,[],[]
752,220843,Anolis sabanus,[],[],[],[],Seller,262,39.7837304,-100.445882
759,225421,Anolis sabanus,[],[],[],[],Seller,263,[],[]
760,226968,Sphaerodactylus sputator,[],[],[],[],Seller,264,[],[]
761,227305,Thecadactylus oskrobapreinorum,[],[],[],[],Seller,183,39.7837304,-100.445882
765,227673,Thecadactylus oskrobapreinorum,[],[],[],[],Seller,183,[],[]
767,228655,Anolis bimaculatus,[],[],[],[],Seller,183,51.0834196,10.4234469
768,228822,Sphaerodactylus sputator,[],[],[],[],Seller,265,[],[]
787,231350,Thecadactylus oskrobapreinorum,[],[],[],[],Seller,266,[],[]
788,231970,Thecadactylus oskrobapreinorum,[],[],[],[],Seller,217,[],[]
789,231971,Anolis extremus,[],[],[],[],Seller,267,[],[]
790,233444,Anolis aeneus,[],[],[],[],Seller,268,[],[]
791,233444,Anolis roquet,[],[],[],[],Seller,268,[],[]
793,233812,Sphaerodactylus sputator,[],[],[],[],Seller,269,[],[]
794,235449,Sphaerodactylus sputator,[],[],[],[],Seller,270,[],[]
796,236741,Sphaerodactylus sputator,[],[],[],[],Seller,269,39.7837304,-100.445882
798,236924,Thecadactylus oskrobapreinorum,[],[],[],[],Buyer,271,[],[]
800,237640,Thecadactylus oskrobapreinorum,[],[],[],[],[],272,[],[]
801,240041,Sphaerodactylus sputator,[],[],[],[],Seller,273,[],[]
803,242230,Iguana insularis,[],[],[],[],Seller,174,[],[]
804,242230,iguana sanctaluciae,[],[],[],[],Seller,174,[],[]
805,242446,Gonatodes daudini,[],[],[],[],Buyer,274,[],[]
806,242921,Iguana insularis,[],[],[],[],Seller,275,39.7837304,-100.445882
807,242934,Iguana delicatissima,[],[],[],[],Seller,174,39.7837304,-100.445882
808,243160,Iguana delicatissima,[],[],[],[],Seller,174,[],[]
809,243276,Iguana insularis,[],[],[],[],Seller,276,39.7837304,-100.445882
814,243840,Iguana insularis,[],[],[],[],Seller,277,[],[]
815,243843,Iguana insularis,[],[],[],[],Seller,278,[],[]
818,244421,Iguana insularis,[],[],[],[],Seller,279,39.7837304,-100.445882
819,244834,Sphaerodactylus sputator,[],[],[],[],Seller,280,[],[]
820,245430,Iguana melanoderma,[],[],[],[],Seller,281,39.7837304,-100.445882
821,245436,Iguana delicatissima,[],[],[],[],[],282,[],[]
822,245437,Iguana delicatissima,[],[],[],[],Seller,283,39.7837304,-100.445882
823,245438,Iguana delicatissima,[],[],[],[],Seller,284,39.7837304,-100.445882
824,245451,Iguana melanoderma,[],[],[],[],Seller,285,39.7837304,-100.445882
825,245675,Iguana melanoderma,[],[],[],[],Seller,217,[],[]
827,245676,Iguana insularis,[],[],[],[],Seller,217,[],[]
830,245992,Thecadactylus oskrobapreinorum,[],[],[],[],Seller,1,39.7837304,-100.445882
831,246000,Anolis aeneus,[],[],[],[],Seller,265,[],[]
832,246000,Anolis pogus,[],[],[],[],Seller,265,[],[]
836,246025,Iguana melanoderma,[],[],[],[],Seller,286,[],[]
837,246242,Iguana delicatissima,[],[],[],[],Seller,286,[],[]
838,246343,Iguana delicatissima,[],[],[],[],Seller,217,[],[]
840,246479,Iguana insularis,[],[],[],[],Seller,287,[],[]
843,246695,Iguana delicatissima,[],[],[],[],Seller,283,[],[]
845,247131,Thecadactylus oskrobapreinorum,[],[],[],[],Seller,288,[],[]
846,247254,Iguana delicatissima,[],[],[],[],Seller,289,[],[]
847,247373,Iguana delicatissima,[],[],[],[],Seller,290,54.7023545,-3.2765753
848,247484,Iguana delicatissima,[],[],[],[],Seller,291,[],[]
850,247727,Iguana delicatissima,[],[],[],[],Seller,1,39.7837304,-100.445882
851,247831,Iguana delicatissima,[],[],[],[],Seller,292,[],[]
852,248015,Thecadactylus oskrobapreinorum,[],[],[],[],Seller,293,35.71881,139.744732
853,248155,Anolis pogus,[],39.95,EUR,39.95,Seller,294,52.0799838,4.3113461
854,248166,Anolis gingivinus,[],39.95,EUR,39.95,Seller,294,52.0799838,4.3113461
855,248205,Pholidoscelis plei,[],195.00,EUR,195.0,Seller,294,52.0799838,4.3113461
856,248206,Sphaerodactylus sputator,[],59.95,EUR,59.95,Seller,294,52.0799838,4.3113461
857,248420,Anolis gingivinus,1,45,EUR,45.0,Seller,295,53.2005936,5.7918548
859,248422,Anolis pogus,1,45,EUR,45.0,Seller,295,53.2005936,5.7918548
861,249480,Anolis roquet,[],[],[],[],Seller,296,[],[]
862,249828,Anolis roquet,[],[],[],[],Seller,297,39.1855991,-6.1630632
864,250017,Anolis leachii,[],69.00,EUR,69.0,Seller,299,51.0834196,10.4234469
865,250029,Anolis roquet,[],59.00,EUR,59.0,Seller,299,51.0834196,10.4234469
866,250030,Anolis gingivinus,[],159.00,EUR,159.0,Seller,299,51.0834196,10.4234469
867,250055,Anolis sabanus,[],0.00,EUR,0.0,Seller,299,51.0834196,10.4234469
868,250057,Anolis desiradei,[],0.00,EUR,0.0,Seller,299,51.0834196,10.4234469
890,262688,Corallus cookii,[],[],[],[],[],301,[],[]
891,264840,Thecadactylus oskrobapreinorum,[],[],[],[],[],302,[],[]
893,266505,Anolis marmoratus,[],45.00,GBP,59.6856555474501,Seller,303,[],[]
896,267733,Corallus cookii,[],250.00,GBP,304.228780042592,Seller,304,[],[]
897,267937,Corallus cookii,[],[],[],[],Seller,305,[],[]
900,278960,Anolis marmoratus,[],[],[],[],Seller,307,51.0834196,10.4234469
906,278971,Anolis oculatus,[],[],[],[],Seller,307,51.0834196,10.4234469
909,278976,Anolis terraealtae,[],[],[],[],Seller,307,51.0834196,10.4234469
911,278980,Anolis desiradei,[],[],[],[],Seller,307,51.0834196,10.4234469
912,278981,Anolis sabanus,[],[],[],[],Seller,307,51.0834196,10.4234469
913,278983,Anolis gingivinus,[],[],[],[],Seller,307,51.0834196,10.4234469
914,278984,Anolis bimaculatus,[],[],[],[],Seller,307,51.0834196,10.4234469
915,278986,Anolis leachii,[],[],[],[],Seller,307,51.0834196,10.4234469
916,278987,Anolis roquet,[],[],[],[],Seller,307,51.0834196,10.4234469
917,278989,Anolis wattsii,[],[],[],[],Seller,307,51.0834196,10.4234469
918,278990,Anolis pogus,[],[],[],[],Seller,307,51.0834196,10.4234469
919,278992,Anolis ferreus,[],[],[],[],Seller,307,51.0834196,10.4234469
920,278993,Anolis lividus,[],[],[],[],Seller,307,51.0834196,10.4234469
921,279225,Iguana insularis,[],1500.00,USD,1381.2154696132595,Seller,308,27.7567667,-81.4639835
922,279266,Iguana melanoderma,[],1500.00,USD,1381.2154696132595,Seller,308,27.7567667,-81.4639835
923,279274,Iguana insularis,[],1500.00,USD,1259.7631645250692,Seller,308,27.7567667,-81.4639835
924,279818,Iguana delicatissima,[],[],[],[],Seller,309,34.6909891,135.5226301
925,282419,Anolis marmoratus,[],100,CHF,90.79353550027238,[],310,[],[]
927,288635,Sphaerodactylus sputator,1,[],[],[],Seller,311,49.8167003,15.4749544
928,288641,Gonatodes daudini,1,[],[],[],Seller,311,49.8167003,15.4749544
933,288648,Gonatodes daudini,2,[],[],[],Seller,311,49.8167003,15.4749544
936,288652,Sphaerodactylus fantasticus,1,[],[],[],Seller,311,49.8167003,15.4749544
942,288666,Sphaerodactylus fantasticus,5,[],[],[],Seller,311,49.8167003,15.4749544
944,288673,Sphaerodactylus phyzacinus,2,[],[],[],Seller,311,49.8167003,15.4749544
945,288674,Sphaerodactylus sputator,12,[],[],[],Seller,311,49.8167003,15.4749544
946,288750,Iguana delicatissima,[],[],[],[],Seller,312,47.59397,14.12456
1021,350042,Anolis sabanus,[],99.99,USD,84.2801753202967,Seller,313,39.7837304,-100.445882
1022,350045,Anolis bimaculatus,[],149.99,USD,126.4244774106541,Seller,313,39.7837304,-100.445882
1023,350046,Anolis gingivinus,[],39.99,USD,35.48988285410011,Seller,313,39.7837304,-100.445882
1025,350141,Anolis oculatus,[],1.00,USD,0.8428860418071478,Seller,313,39.7837304,-100.445882
1026,350142,Anolis extremus,[],99.99,USD,84.2801753202967,Seller,313,39.7837304,-100.445882
1028,350432,Anolis wattsii,[],[],[],[],Seller,315,52.2288689,5.3214503
1029,350634,Thecadactylus oskrobapreinorum,[],[],[],[],[],316,[],[]
1030,350701,Anolis trinitatis,[],[],[],[],[],317,[],[]
1031,350958,Anolis roquet,[],[],[],[],[],318,[],[]
1032,350974,Anolis marmoratus,[],[],[],[],Seller,319,[],[]
1033,351067,Thecadactylus oskrobapreinorum,[],[],[],[],Seller,316,[],[]
1034,351330,Mabuya mabouya,[],[],[],[],[],320,51.0834196,10.4234469
1035,351465,Anolis leachii,[],[],[],[],Seller,321,[],[]
1037,351693,Sphaerodactylus sabanus,[],[],[],[],[],322,[],[]
1038,351738,Iguana delicatissima,[],[],[],[],[],323,51.0834196,10.4234469
1039,351780,Iguana delicatissima,[],[],[],[],[],323,[],[]
1040,352050,Anolis leachii,[],[],[],[],Seller,324,[],[]
1041,352050,Anolis bimaculatus,[],[],[],[],Seller,324,[],[]
1042,352503,Anolis marmoratus,[],[],[],[],[],325,52.2288689,5.3214503
1043,352520,Anolis sabanus,[],[],[],[],Seller,326,[],[]
1045,352755,Anolis sabanus,[],[],[],[],[],319,36.5748441,139.2394179
1046,353458,Anolis lividus,[],[],[],[],[],324,[],[]
1047,353458,Anolis oculatus,[],[],[],[],[],324,[],[]
1048,353458,Anolis gingivinus,[],[],[],[],[],324,[],[]
1049,353458,Anolis marmoratus,[],[],[],[],[],324,[],[]
1050,353458,Anolis pogus,[],[],[],[],[],324,[],[]
1051,353458,Anolis wattsii,[],[],[],[],[],324,[],[]
1052,353458,Anolis bimaculatus,[],[],[],[],[],324,[],[]
1053,353458,Anolis roquet,[],[],[],[],[],324,[],[]
1054,353528,Anolis roquet,[],[],[],[],Seller,321,[],[]
1055,353529,Anolis trinitatis,[],[],[],[],Seller,321,[],[]
1056,353830,Anolis marmoratus,[],[],[],[],Seller,327,[],[]
1057,353950,Anolis lividus,[],[],[],[],Seller,324,[],[]
1058,353950,Anolis oculatus,[],[],[],[],Seller,324,[],[]
1059,353950,Anolis gingivinus,[],[],[],[],Seller,324,[],[]
1060,353950,Anolis wattsii,[],[],[],[],Seller,324,[],[]
1061,353950,Anolis pogus,[],[],[],[],Seller,324,[],[]
1062,353986,Anolis marmoratus,[],[],[],[],Seller,328,[],[]
1063,354106,Anolis marmoratus,[],[],[],[],Buyer,328,[],[]
1067,354996,Anolis marmoratus,[],[],[],[],Seller,324,[],[]
1070,354996,Anolis ferreus,[],[],[],[],Seller,324,[],[]
1071,355242,Anolis marmoratus,[],[],[],[],Seller,329,50.6402809,4.6667145
1072,355496,Anolis ferreus,[],[],[],[],Seller,330,[],[]
1073,355774,Sphaerodactylus sputator,[],[],[],[],Seller,331,[],[]
1074,355816,Anolis roquet,[],[],[],[],Seller,332,[],[]
1075,355844,Anolis roquet,[],[],[],[],Buyer,332,[],[]
1076,356227,Thecadactylus oskrobapreinorum,[],[],[],[],[],333,[],[]
1077,356276,Anolis roquet,[],[],[],[],[],334,[],[]
1078,356769,Anolis oculatus,[],[],[],[],Seller,335,[],[]
1079,357014,Anolis marmoratus,[],[],[],[],Seller,336,[],[]
1080,357565,Anolis marmoratus,[],[],[],[],[],337,[],[]
1081,357566,Anolis marmoratus,[],[],[],[],Seller,337,[],[]
1082,358331,Anolis marmoratus,[],[],[],[],Seller,338,[],[]
1085,358389,Anolis desiradei,[],[],[],[],Seller,324,[],[]
1087,358389,Anolis terraealtae,[],[],[],[],Seller,324,[],[]
1094,358755,Anolis sabanus,[],[],[],[],Seller,324,[],[]
1105,358755,Anolis roquet,[],[],[],[],Seller,324,[],[]
1106,359649,Anolis oculatus,[],[],[],[],Seller,321,[],[]
1107,359649,Anolis marmoratus,[],[],[],[],Seller,321,[],[]
1108,359782,Anolis sabanus,[],[],[],[],[],339,[],[]
1109,359782,Anolis roquet,[],[],[],[],[],339,[],[]
1110,360022,Anolis roquet,[],[],[],[],Seller,340,[],[]
1111,360067,Anolis trinitatis,[],[],[],[],Buyer,341,[],[]
1113,360180,Iguana melanoderma,[],[],[],[],Buyer,342,[],[]
1114,361076,Anolis trinitatis,[],[],[],[],Seller,343,[],[]
1116,362403,Anolis ferreus,[],[],[],[],[],344,[],[]
1117,362403,Anolis marmoratus,[],[],[],[],[],344,[],[]
1118,362444,Anolis roquet,[],[],[],[],Seller,345,51.0834196,10.4234469
1120,362842,Sphaerodactylus sabanus,[],[],[],[],Seller,346,49.8167003,15.4749544
1121,363138,Anolis roquet,[],[],[],[],[],339,51.0834196,10.4234469
1123,363588,Anolis roquet,[],[],[],[],Buyer,348,[],[]
1124,363621,Corallus grenadensis,[],[],[],[],Buyer,349,[],[]
1125,363621,Corallus cookii,[],[],[],[],Buyer,349,[],[]
1126,363707,Anolis roquet,[],[],[],[],Buyer,344,[],[]
1127,363730,Anolis marmoratus,[],[],[],[],[],350,[],[]
1130,364074,Thecadactylus oskrobapreinorum,[],[],[],[],Seller,346,[],[]
1131,364295,Gonatodes daudini,[],[],[],[],[],351,51.0834196,10.4234469
1132,364315,Anolis roquet,[],[],[],[],Seller,352,[],[]
1133,364691,Anolis oculatus,[],[],[],[],Buyer,353,51.0834196,10.4234469
18,44344,Iguana delicatissima,[],[],[],[],[],[],[],[]
19,44377,Thecadactylus oskrobapreinorum,[],[],[],[],[],[],[],[]
117,46007,Anolis oculatus,[],[],[],[],Seller,[],[],[]
123,46034,Anolis marmoratus,[],[],[],[],Seller,[],[],[]
133,46060,Anolis oculatus,[],[],[],[],Seller,[],51.0834196,10.4234469
141,46076,Anolis oculatus,[],[],[],[],Seller,[],[],[]
154,46127,Anolis oculatus,[],[],[],[],[],[],[],[]
155,46130,Anolis oculatus,[],[],[],[],Seller,[],[],[]
168,46155,Anolis oculatus,[],[],[],[],Seller,[],[],[]
181,46186,Anolis oculatus,[],[],[],[],[],[],[],[]
199,46221,Anolis marmoratus,[],[],[],[],Seller,[],[],[]
201,46227,Anolis marmoratus,[],[],[],[],Buyer,[],[],[]
872,252876,Anolis roquet,[],[],[],[],Seller,[],51.0834196,10.4234469
873,253092,Anolis roquet,[],[],[],[],Seller,[],[],[]
874,253480,Anolis marmoratus,[],[],[],[],Seller,[],51.0834196,10.4234469
875,253480,Anolis roquet,[],[],[],[],Seller,[],51.0834196,10.4234469
876,253979,Anolis sabanus,[],[],[],[],Seller,[],[],[]
877,253979,Anolis leachii,[],[],[],[],Seller,[],[],[]
878,253979,Anolis desiradei,[],[],[],[],Seller,[],[],[]
879,253979,Anolis oculatus,[],[],[],[],Seller,[],[],[]
880,253979,Anolis gingivinus,[],[],[],[],Seller,[],[],[]
881,253979,Anolis terraealtae,[],[],[],[],Seller,[],[],[]
882,253979,Anolis marmoratus,[],[],[],[],Seller,[],[],[]
883,253979,Anolis wattsii,[],[],[],[],Seller,[],[],[]
884,253979,Anolis bimaculatus,[],[],[],[],Seller,[],[],[]
885,253979,Anolis roquet,[],[],[],[],Seller,[],[],[]
886,254450,Anolis roquet,[],[],[],[],Seller,[],[],[]
887,255457,Anolis marmoratus,[],[],[],[],Seller,[],[],[]
888,255676,Anolis roquet,[],[],[],[],Seller,[],[],[]
889,257010,Anolis roquet,[],[],[],[],Buyer,[],[],[]
898,272759,Anolis oculatus,[],50,EUR,50.0,Seller,[],[],[]
926,283034,Anolis sabanus,[],100,PLN,22.131238242779684,[],[],[],[]
956,289528,Iguana delicatissima,[],[],[],[],Seller,[],[],[]
958,292028,Anolis roquet,[],[],[],[],Seller,[],39.7837304,-100.445882
959,293202,Anolis roquet,[],[],[],[],Seller,[],[],[]
960,297573,Corallus cookii,[],[],[],[],Seller,[],[],[]
961,298680,Anolis marmoratus,[],[],[],[],Buyer,[],[],[]
962,304136,Corallus cookii,[],[],[],[],Seller,[],[],[]
963,306358,Anolis marmoratus,[],[],[],[],Seller,[],[],[]
966,309081,Anolis sabanus,[],[],[],[],Buyer,[],[],[]
967,309081,Anolis bimaculatus,[],[],[],[],Buyer,[],[],[]
968,309464,Anolis marmoratus,[],[],[],[],Seller,[],[],[]
969,309581,Anolis marmoratus,[],[],[],[],Buyer,[],[],[]
970,309586,Anolis marmoratus,[],[],[],[],Buyer,[],54.7023545,-3.2765753
972,313991,Anolis roquet,[],[],[],[],Seller,[],[],[]
973,314149,Anolis roquet,[],[],[],[],Seller,[],[],[]
974,317349,Anolis marmoratus,[],[],[],[],Seller,[],54.7023545,-3.2765753
975,318558,Boa nebulosa,[],[],[],[],Seller,[],51.0834196,10.4234469
976,318558,Boa orophias,[],[],[],[],Seller,[],51.0834196,10.4234469
977,318642,Corallus cookii,[],[],[],[],Seller,[],54.7023545,-3.2765753
978,318960,Boa nebulosa,[],[],[],[],Seller,[],51.0834196,10.4234469
979,318960,Boa orophias,[],[],[],[],Seller,[],51.0834196,10.4234469
980,319553,Boa nebulosa,[],[],[],[],Buyer,[],51.0834196,10.4234469
981,319553,Boa orophias,[],[],[],[],Buyer,[],51.0834196,10.4234469
983,325889,Corallus cookii,[],[],[],[],Seller,[],[],[]
984,327545,Corallus cookii,[],[],[],[],Seller,[],[],[]
986,327745,Corallus cookii,[],[],[],[],Seller,[],[],[]
989,329285,Corallus cookii,[],[],[],[],Buyer,[],[],[]
990,332385,Corallus cookii,[],[],[],[],Seller,[],[],[]
998,335382,Corallus cookii,[],[],[],[],Seller,[],54.7023545,-3.2765753
1000,336104,Corallus cookii,[],[],[],[],Buyer,[],[],[]
1001,337841,Corallus cookii,[],[],[],[],Seller,[],54.7023545,-3.2765753
1002,338731,Corallus cookii,[],[],[],[],Seller,[],[],[]
1011,345473,Corallus cookii,[],[],[],[],Seller,[],[],[]
1013,345826,Corallus cookii,[],[],[],[],Seller,[],[],[]
1014,346146,Corallus cookii,[],[],[],[],Seller,[],[],[]
1015,347521,Corallus cookii,[],[],[],[],Seller,[],54.7023545,-3.2765753
1016,348105,Corallus cookii,[],[],[],[],Seller,[],54.7023545,-3.2765753
1017,348164,Corallus cookii,[],[],[],[],[],[],54.7023545,-3.2765753
1018,348851,Corallus cookii,[],[],[],[],Seller,[],[],[]
1019,349199,Corallus cookii,[],[],[],[],Buyer,[],[],[]
1134,364885,Sphaerodactylus sputator,1,[],[],[],Seller,[],51.0834196,10.4234469
1135,364969,Thecadactylus oskrobapreinorum,0,650.00,USD,598.5267034990792,Seller,[],39.7837304,-100.445882
1136,365029,Sphaerodactylus sputator,1,200.00,USD,184.1620626151013,Seller,[],39.7837304,-100.445882
1138,366558,Gonatodes daudini,[],[],[],[],Seller,[],51.0834196,10.4234469
1139,366562,Sphaerodactylus sputator,[],[],[],[],Seller,[],51.0834196,10.4234469
1140,366572,Sphaerodactylus sputator,[],[],[],[],Seller,[],51.0834196,10.4234469
1141,366590,Gonatodes daudini,[],[],[],[],Seller,[],51.0834196,10.4234469
1142,366590,Sphaerodactylus sputator,[],[],[],[],Seller,[],51.0834196,10.4234469
1143,366593,Sphaerodactylus fantasticus,[],[],[],[],Seller,[],51.0834196,10.4234469
1144,366593,Sphaerodactylus sputator,[],[],[],[],Seller,[],51.0834196,10.4234469
1145,366602,Sphaerodactylus sputator,[],[],[],[],Seller,[],51.0834196,10.4234469
1146,366605,Sphaerodactylus sputator,[],[],[],[],Seller,[],51.0834196,10.4234469
1147,366617,Sphaerodactylus sputator,[],[],[],[],Seller,[],51.0834196,10.4234469
1148,366624,Sphaerodactylus sputator,[],[],[],[],Seller,[],51.0834196,10.4234469
1149,366626,Sphaerodactylus sputator,[],[],[],[],Seller,[],51.0834196,10.4234469
1150,366626,Sphaerodactylus fantasticus,[],[],[],[],Seller,[],51.0834196,10.4234469
1151,366626,Sphaerodactylus vincenti,[],[],[],[],Seller,[],51.0834196,10.4234469
1152,366626,Sphaerodactylus festus,[],[],[],[],Seller,[],51.0834196,10.4234469
1153,366635,Sphaerodactylus fantasticus,[],[],[],[],Seller,[],51.0834196,10.4234469
1154,366640,Sphaerodactylus sputator,[],[],[],[],Seller,[],51.0834196,10.4234469
1155,366641,Anolis marmoratus,[],[],[],[],Seller,[],51.0834196,10.4234469
1156,366644,Sphaerodactylus fantasticus,[],[],[],[],Buyer,[],51.0834196,10.4234469
1157,366654,Anolis marmoratus,[],[],[],[],Seller,[],51.0834196,10.4234469
1158,366706,Anolis marmoratus,[],[],[],[],Seller,[],51.0834196,10.4234469
1159,366753,Sphaerodactylus sputator,[],[],[],[],Seller,[],51.0834196,10.4234469
1160,366757,Sphaerodactylus fantasticus,[],[],[],[],Seller,[],51.0834196,10.4234469
1161,366774,Sphaerodactylus sputator,[],[],[],[],Buyer,[],51.0834196,10.4234469
1162,366781,Sphaerodactylus sputator,[],[],[],[],[],[],51.0834196,10.4234469
1163,366788,Gonatodes daudini,[],[],[],[],Buyer,[],[],[]
1164,366793,Sphaerodactylus sputator,[],[],[],[],Seller,[],51.0834196,10.4234469
1165,366795,Sphaerodactylus fantasticus,[],[],[],[],Seller,[],51.0834196,10.4234469
1166,366823,Sphaerodactylus fantasticus,[],[],[],[],Seller,[],51.0834196,10.4234469
1167,366837,Sphaerodactylus sputator,[],[],[],[],[],[],51.0834196,10.4234469
